text,sentiment_score,company,date
"Some implied moves for earnings next week( up or down degenerates) -136 companies reporting:

[$NVDA](https://x.com/search?q=%24NVDA&src=cashtag_click) 9.8%  
[$SNOW](https://x.com/search?q=%24SNOW&src=cashtag_click) 11.6%  
[$PANW](https://x.com/search?q=%24PANW&src=cashtag_click) 8.8%  
[$WMT](https://x.com/search?q=%24WMT&src=cashtag_click) 5.3%  
[$LOW](https://x.com/search?q=%24LOW&src=cashtag_click) 4.3%  
[$TGT](https://x.com/search?q=%24TGT&src=cashtag_click) 9.0%  
[$ESTC](https://x.com/search?q=%24ESTC&src=cashtag_click) 16.9%  
[$ROST](https://x.com/search?q=%24ROST&src=cashtag_click) 6.3%  
[$NTAP](https://x.com/search?q=%24NTAP&src=cashtag_click) 8.0%  
[$BIDU](https://x.com/search?q=%24BIDU&src=cashtag_click) 6.4%  
[$PDD](https://x.com/search?q=%24PDD&src=cashtag_click) 9.4%  
[$DE](https://x.com/search?q=%24DE&src=cashtag_click) 5.5%  
[$JACK](https://x.com/search?q=%24JACK&src=cashtag_click) 15.9%  
[$TJX](https://x.com/search?q=%24TJX&src=cashtag_click) 4.7%  
[$WIX](https://x.com/search?q=%24WIX&src=cashtag_click) 13.3%  
[$DY](https://x.com/search?q=%24DY&src=cashtag_click) 14.4%  
[$WSM](https://x.com/search?q=%24WSM&src=cashtag_click) 13.7%  
[$INTU](https://x.com/search?q=%24INTU&src=cashtag_click) 5.5%  
[$GAP](https://x.com/search?q=%24GAP&src=cashtag_click) 13.2%  
[$CPRT](https://x.com/search?q=%24CPRT&src=cashtag_click) 7.2%   
[$MDT](https://x.com/search?q=%24MDT&src=cashtag_click) 3.7%  
[$ZTO](https://x.com/search?q=%24ZTO&src=cashtag_click) 11.0%  
[$NIO](https://x.com/search?q=%24NIO&src=cashtag_click) 11.8%  
[$FUTU](https://x.com/search?q=%24FUTU&src=cashtag_click) 10.1%  
[$XPEV](https://x.com/search?q=%24XPEV&src=cashtag_click) 11.2%  
[$SCVL](https://x.com/search?q=%24SCVL&src=cashtag_click) 13.3%  
[$SYM](https://x.com/search?q=%24SYM&src=cashtag_click) 19.7%",81,intu,2024-11-17
"since I just did the work; you can copy paste this into a notepad file, save and import to tradingview watchlist for all the tickers in order of earnings:

NASDAQ:BTBT,NASDAQ:BTDR,NASDAQ:EH,NYSE:BRC,NASDAQ:TWST,NASDAQ:MOND,NASDAQ:CLRB,NASDAQ:SYM,NASDAQ:TCOM,NYSE:BRBR,NYSE:TUYA,NYSE:ACM,NASDAQ:ZENV,NASDAQ:IIIV,NASDAQ:NRXP,NYSE:WMT,NASDAQ:WKHS,NYSE:LOW,NYSE:XPEV,NYSE:MDT,NASDAQ:FUTU,NYSE:VIPS,NYSE:VIK,NASDAQ:ATAT,NYSE:MYTE,NASDAQ:POWL,NYSE:AZEK,NYSE:KEYS,NYSE:ZTO,NYSE:LZB,NYSE:KORE,NYSE:DLB,NYSE:DNMR,NASDAQ:SBLK,NASDAQ:QFIN,NYSE:NIO,NYSE:TGT,NYSE:ZIM,NYSE:TJX,NASDAQ:WIX,NYSE:DY,NYSE:WSM,NYSE:BERY,NASDAQ:GLBE,NYSE:RERE,NASDAQ:NVDA,NYSE:SNOW,NASDAQ:PANW,NASDAQ:JACK,NYSE:CPA,NYSE:SQM,NYSE:MMS,NYSE:CCIF,NASDAQ:ESEA,NYSE:BBAR,NASDAQ:BIDU,NASDAQ:PDD,NYSE:DE,NYSE:BJ,NYSE:VSTS,NASDAQ:WMG,NYSE:BEKE,NASDAQ:IQ,NASDAQ:NNOX,NASDAQ:SCVL,NASDAQ:INTU,NYSE:ESTC,NYSE:GAP,NASDAQ:ROST,NASDAQ:NTAP,NASDAQ:CPRT,NYSE:UGI,NASDAQ:MATW,NYSE:NGVC,NASDAQ:LGTY,NYSE:GB,NASDAQ:ADXN

  
[https://www.tradingview.com/support/solutions/43000487233-how-to-import-or-export-watchlist/](https://www.tradingview.com/support/solutions/43000487233-how-to-import-or-export-watchlist/)

  
I know... I know.... only NVDA matters ![img](emote|t5_2th52|4260)",67,intu,2024-11-15
Intuit will say the magic word (AI) and their stock will go parabolic.,7,intu,2024-11-21
Why‚Äôs isn‚Äôt intuit down more? That‚Äôs a shitty report,5,intu,2024-11-21
"I wanna buy INTU puts cause trump wants to abolish income tax and I hate the company, but they expensive af",3,intu,2024-11-21
"INTU should be down more! Weak forecast, promotion delays, below expected profit! Shit ass company. Over valued!",3,intu,2024-11-21
Is INTU put gonna print ![img](emote|t5_2th52|4260),4,intu,2024-11-21
"Intu- mango wants to get rid of federal taxes and IRS still rolling out their direct filing system

Poots?",2,intu,2024-11-15
how do we feel about intuit earnings coming up?,2,intu,2024-11-19
Step $INTU what are you doin?,2,intu,2024-11-21
Anyone playing intuit?,1,intu,2024-11-21
"""which company has the biggest potential to move to the up or downside""

# ChatGPT said:

Among the companies reporting earnings tomorrow, **Elastic (ESTC)** and **Intuit (INTU)** appear to have significant potential for stock movement.

1. **Elastic (ESTC):** Analysts expect notable volatility due to its high-growth profile and focus on AI-driven enterprise software. Its performance depends on cloud adoption trends and margin improvements‚Äã.
2. **Intuit (INTU):** Intuit's results could be pivotal given its substantial institutional ownership (83%) and recent concerns over insider stock sales. Its flagship products (e.g., TurboTax) are highly sensitive to guidance revisions‚Äã.

Both companies are in sectors with growth drivers but face differing risks, making them likely candidates for big price reactions post-earnings.

""in which direction""

# ChatGPT said:

1. **Elastic (ESTC):** Likely **upside potential** if it beats expectations for revenue growth and cloud adoption, as it has historically responded positively to strong results. However, high valuations could magnify downside if it misses guidance‚Äã.
2. **Intuit (INTU):** Mixed sentiment. Strong results in its small business and AI offerings could push it **up**, but recent insider sales and sector-wide competitive pressures suggest possible **downside risk**‚Äã.

Markets currently favor **Elastic** for upside and are cautious on **Intuit**.

""how big of a positive move do you think is possible given all the information available to you""

# ChatGPT said:

1. **Elastic (ESTC):** Potential for a **10-15% upside**, as growth stocks in the software sector often react strongly to earnings beats, particularly if revenue growth or margins exceed expectations. Recent AI-driven product developments could amplify optimism‚Äã.
2. **Intuit (INTU):** A **5-10% positive move** is plausible if its small business ecosystem and AI tools outperform expectations. However, its high market cap may limit extreme upside unless guidance surprises significantly

Ok I guess...",1,intu,2024-11-21
"Short intuit? Tax code about to get skewered, no?",0,intu,2024-11-15
"Thanks for the pic re: earnings thread. Not sure what's going to happen with NVDA because semi's have rolled over of late. Could go either way, but I wouldn't bet against Jenson. I'll be looking at TCOM, WMT, VIK, INTU only because tech has been pulling back. Do you have any faves?",2,intu,2024-11-15
INTU puts,1,intu,2024-11-21
Opps and Intuit!,1,intu,2024-11-21
620p 11/29 not sure if i should sell at open since last time INTU kept drilling after open,1,intu,2024-11-22
"since I just did the work; you can copy paste this into a notepad file, save and import to tradingview watchlist for all the tickers in order of earnings:

NASDAQ:BTBT,NASDAQ:BTDR,NASDAQ:EH,NYSE:BRC,NASDAQ:TWST,NASDAQ:MOND,NASDAQ:CLRB,NASDAQ:SYM,NASDAQ:TCOM,NYSE:BRBR,NYSE:TUYA,NYSE:ACM,NASDAQ:ZENV,NASDAQ:IIIV,NASDAQ:NRXP,NYSE:WMT,NASDAQ:WKHS,NYSE:LOW,NYSE:XPEV,NYSE:MDT,NASDAQ:FUTU,NYSE:VIPS,NYSE:VIK,NASDAQ:ATAT,NYSE:MYTE,NASDAQ:POWL,NYSE:AZEK,NYSE:KEYS,NYSE:ZTO,NYSE:LZB,NYSE:KORE,NYSE:DLB,NYSE:DNMR,NASDAQ:SBLK,NASDAQ:QFIN,NYSE:NIO,NYSE:TGT,NYSE:ZIM,NYSE:TJX,NASDAQ:WIX,NYSE:DY,NYSE:WSM,NYSE:BERY,NASDAQ:GLBE,NYSE:RERE,NASDAQ:NVDA,NYSE:SNOW,NASDAQ:PANW,NASDAQ:JACK,NYSE:CPA,NYSE:SQM,NYSE:MMS,NYSE:CCIF,NASDAQ:ESEA,NYSE:BBAR,NASDAQ:BIDU,NASDAQ:PDD,NYSE:DE,NYSE:BJ,NYSE:VSTS,NASDAQ:WMG,NYSE:BEKE,NASDAQ:IQ,NASDAQ:NNOX,NASDAQ:SCVL,NASDAQ:INTU,NYSE:ESTC,NYSE:GAP,NASDAQ:ROST,NASDAQ:NTAP,NASDAQ:CPRT,NYSE:UGI,NASDAQ:MATW,NYSE:NGVC,NASDAQ:LGTY,NYSE:GB,NASDAQ:ADXN

  
[https://www.tradingview.com/support/solutions/43000487233-how-to-import-or-export-watchlist/](https://www.tradingview.com/support/solutions/43000487233-how-to-import-or-export-watchlist/)

  
I know... I know.... only NVDA matters ![img](emote|t5_2th52|4260)",67,keys,2024-11-15
Hopeful tomorrow I make gains on KEYS,5,keys,2024-11-19
Anyone taking a play on KEYS??? Given the sector odds their work id expect a good report and direction,2,keys,2024-11-19
Got in on KEYS at 152 about an hour ago. Sell or hold on?,0,keys,2024-11-19
"Don't know which direction I will play them yet; however, KEYS, ESTC, & NTAP all fly under the radar compared to the biggest names and have significant moves. TCOM & LAZB also might be worth looking into.",11,keys,2024-11-15
I have stock in KEYS just because I use a lot of their test and measurement equipment. Their N5186A MXG Vector Sig Gen looks nice.,3,keys,2024-11-19
"Some implied moves for earnings next week( up or down degenerates) -136 companies reporting:

[$NVDA](https://x.com/search?q=%24NVDA&src=cashtag_click) 9.8%  
[$SNOW](https://x.com/search?q=%24SNOW&src=cashtag_click) 11.6%  
[$PANW](https://x.com/search?q=%24PANW&src=cashtag_click) 8.8%  
[$WMT](https://x.com/search?q=%24WMT&src=cashtag_click) 5.3%  
[$LOW](https://x.com/search?q=%24LOW&src=cashtag_click) 4.3%  
[$TGT](https://x.com/search?q=%24TGT&src=cashtag_click) 9.0%  
[$ESTC](https://x.com/search?q=%24ESTC&src=cashtag_click) 16.9%  
[$ROST](https://x.com/search?q=%24ROST&src=cashtag_click) 6.3%  
[$NTAP](https://x.com/search?q=%24NTAP&src=cashtag_click) 8.0%  
[$BIDU](https://x.com/search?q=%24BIDU&src=cashtag_click) 6.4%  
[$PDD](https://x.com/search?q=%24PDD&src=cashtag_click) 9.4%  
[$DE](https://x.com/search?q=%24DE&src=cashtag_click) 5.5%  
[$JACK](https://x.com/search?q=%24JACK&src=cashtag_click) 15.9%  
[$TJX](https://x.com/search?q=%24TJX&src=cashtag_click) 4.7%  
[$WIX](https://x.com/search?q=%24WIX&src=cashtag_click) 13.3%  
[$DY](https://x.com/search?q=%24DY&src=cashtag_click) 14.4%  
[$WSM](https://x.com/search?q=%24WSM&src=cashtag_click) 13.7%  
[$INTU](https://x.com/search?q=%24INTU&src=cashtag_click) 5.5%  
[$GAP](https://x.com/search?q=%24GAP&src=cashtag_click) 13.2%  
[$CPRT](https://x.com/search?q=%24CPRT&src=cashtag_click) 7.2%   
[$MDT](https://x.com/search?q=%24MDT&src=cashtag_click) 3.7%  
[$ZTO](https://x.com/search?q=%24ZTO&src=cashtag_click) 11.0%  
[$NIO](https://x.com/search?q=%24NIO&src=cashtag_click) 11.8%  
[$FUTU](https://x.com/search?q=%24FUTU&src=cashtag_click) 10.1%  
[$XPEV](https://x.com/search?q=%24XPEV&src=cashtag_click) 11.2%  
[$SCVL](https://x.com/search?q=%24SCVL&src=cashtag_click) 13.3%  
[$SYM](https://x.com/search?q=%24SYM&src=cashtag_click) 19.7%",82,nio,2024-11-17
"since I just did the work; you can copy paste this into a notepad file, save and import to tradingview watchlist for all the tickers in order of earnings:

NASDAQ:BTBT,NASDAQ:BTDR,NASDAQ:EH,NYSE:BRC,NASDAQ:TWST,NASDAQ:MOND,NASDAQ:CLRB,NASDAQ:SYM,NASDAQ:TCOM,NYSE:BRBR,NYSE:TUYA,NYSE:ACM,NASDAQ:ZENV,NASDAQ:IIIV,NASDAQ:NRXP,NYSE:WMT,NASDAQ:WKHS,NYSE:LOW,NYSE:XPEV,NYSE:MDT,NASDAQ:FUTU,NYSE:VIPS,NYSE:VIK,NASDAQ:ATAT,NYSE:MYTE,NASDAQ:POWL,NYSE:AZEK,NYSE:KEYS,NYSE:ZTO,NYSE:LZB,NYSE:KORE,NYSE:DLB,NYSE:DNMR,NASDAQ:SBLK,NASDAQ:QFIN,NYSE:NIO,NYSE:TGT,NYSE:ZIM,NYSE:TJX,NASDAQ:WIX,NYSE:DY,NYSE:WSM,NYSE:BERY,NASDAQ:GLBE,NYSE:RERE,NASDAQ:NVDA,NYSE:SNOW,NASDAQ:PANW,NASDAQ:JACK,NYSE:CPA,NYSE:SQM,NYSE:MMS,NYSE:CCIF,NASDAQ:ESEA,NYSE:BBAR,NASDAQ:BIDU,NASDAQ:PDD,NYSE:DE,NYSE:BJ,NYSE:VSTS,NASDAQ:WMG,NYSE:BEKE,NASDAQ:IQ,NASDAQ:NNOX,NASDAQ:SCVL,NASDAQ:INTU,NYSE:ESTC,NYSE:GAP,NASDAQ:ROST,NASDAQ:NTAP,NASDAQ:CPRT,NYSE:UGI,NASDAQ:MATW,NYSE:NGVC,NASDAQ:LGTY,NYSE:GB,NASDAQ:ADXN

  
[https://www.tradingview.com/support/solutions/43000487233-how-to-import-or-export-watchlist/](https://www.tradingview.com/support/solutions/43000487233-how-to-import-or-export-watchlist/)

  
I know... I know.... only NVDA matters ![img](emote|t5_2th52|4260)",67,nio,2024-11-15
I can‚Äôt believe Reddit went down earlier and I had to form my own thoughts and opinions for a whole 30 minutes.,30,nio,2024-11-20
NIO still exists?,9,nio,2024-11-15
CALLS ON NIO $5 2weeks out,10,nio,2024-11-19
nio calls,4,nio,2024-11-18
NIO calls,5,nio,2024-11-19
NIOüëÜüëÜüëÜ,7,nio,2024-11-15
"NIO has a borrow fee rate of 28%, MOASS coming soon?",3,nio,2024-11-21
"$PDD - Amazon is scared of them, so they made a new division called Haul just to compete with Temu. That is bullish in my opinion.",2,nio,2024-11-18
How we feeling about NIO tho,2,nio,2024-11-18
"cut losses, ask yourself if that money has the maximum potential where its at right now.

if its in google, my opinion is hell the fuck no",2,nio,2024-11-21
Time to buy stock that has a similar trajectory to nvidia before it topped out. My opinion is that rocket labs  and asts are good investments for the future.,-1,nio,2024-11-19
"High p/e stocks have a higher volatility. Say Tesla if it was a boring company doing the same thing for 20 years would have a value of maybe 40. Currently trades 320. So a huge percentage of the value is based on markets opinion of future growth in profits, basically sentinent. If that sentiment changes there is a far higher percentage of the valuation of the share to discount or not.",5,nio,2024-11-17
"Kind of hoping for momentum leading up to earnings and might cash out before then. I can‚Äôt imagine they won‚Äôt post good numbers and guidance, strong ‚Äúmaga‚Äù support there too I think (just my opinion from my experiences shopping there). 

Any thoughts?",1,nio,2024-11-15
"I feel like it will def move, but if it goes up I see it as possible to get 50% or more day 1, if it.goes down I see .80 .70 at the lowest. I do not see it staying in the 1.00 to 1.20 range.

This is an extremely low float micro cap stock relative to anything else we see on this sub. 

This is why I personally am doing like 90% shares, and only a few calls. Options are expensive for this as iv is literally like 200%. I won't tell you what to do,  but my opinion is that it will more violently in either direction and I'm leaning 80/20 to the updside.",2,nio,2024-11-17
"Some implied moves for earnings next week( up or down degenerates) -136 companies reporting:

[$NVDA](https://x.com/search?q=%24NVDA&src=cashtag_click) 9.8%  
[$SNOW](https://x.com/search?q=%24SNOW&src=cashtag_click) 11.6%  
[$PANW](https://x.com/search?q=%24PANW&src=cashtag_click) 8.8%  
[$WMT](https://x.com/search?q=%24WMT&src=cashtag_click) 5.3%  
[$LOW](https://x.com/search?q=%24LOW&src=cashtag_click) 4.3%  
[$TGT](https://x.com/search?q=%24TGT&src=cashtag_click) 9.0%  
[$ESTC](https://x.com/search?q=%24ESTC&src=cashtag_click) 16.9%  
[$ROST](https://x.com/search?q=%24ROST&src=cashtag_click) 6.3%  
[$NTAP](https://x.com/search?q=%24NTAP&src=cashtag_click) 8.0%  
[$BIDU](https://x.com/search?q=%24BIDU&src=cashtag_click) 6.4%  
[$PDD](https://x.com/search?q=%24PDD&src=cashtag_click) 9.4%  
[$DE](https://x.com/search?q=%24DE&src=cashtag_click) 5.5%  
[$JACK](https://x.com/search?q=%24JACK&src=cashtag_click) 15.9%  
[$TJX](https://x.com/search?q=%24TJX&src=cashtag_click) 4.7%  
[$WIX](https://x.com/search?q=%24WIX&src=cashtag_click) 13.3%  
[$DY](https://x.com/search?q=%24DY&src=cashtag_click) 14.4%  
[$WSM](https://x.com/search?q=%24WSM&src=cashtag_click) 13.7%  
[$INTU](https://x.com/search?q=%24INTU&src=cashtag_click) 5.5%  
[$GAP](https://x.com/search?q=%24GAP&src=cashtag_click) 13.2%  
[$CPRT](https://x.com/search?q=%24CPRT&src=cashtag_click) 7.2%   
[$MDT](https://x.com/search?q=%24MDT&src=cashtag_click) 3.7%  
[$ZTO](https://x.com/search?q=%24ZTO&src=cashtag_click) 11.0%  
[$NIO](https://x.com/search?q=%24NIO&src=cashtag_click) 11.8%  
[$FUTU](https://x.com/search?q=%24FUTU&src=cashtag_click) 10.1%  
[$XPEV](https://x.com/search?q=%24XPEV&src=cashtag_click) 11.2%  
[$SCVL](https://x.com/search?q=%24SCVL&src=cashtag_click) 13.3%  
[$SYM](https://x.com/search?q=%24SYM&src=cashtag_click) 19.7%",84,nvda,2024-11-17
"since I just did the work; you can copy paste this into a notepad file, save and import to tradingview watchlist for all the tickers in order of earnings:

NASDAQ:BTBT,NASDAQ:BTDR,NASDAQ:EH,NYSE:BRC,NASDAQ:TWST,NASDAQ:MOND,NASDAQ:CLRB,NASDAQ:SYM,NASDAQ:TCOM,NYSE:BRBR,NYSE:TUYA,NYSE:ACM,NASDAQ:ZENV,NASDAQ:IIIV,NASDAQ:NRXP,NYSE:WMT,NASDAQ:WKHS,NYSE:LOW,NYSE:XPEV,NYSE:MDT,NASDAQ:FUTU,NYSE:VIPS,NYSE:VIK,NASDAQ:ATAT,NYSE:MYTE,NASDAQ:POWL,NYSE:AZEK,NYSE:KEYS,NYSE:ZTO,NYSE:LZB,NYSE:KORE,NYSE:DLB,NYSE:DNMR,NASDAQ:SBLK,NASDAQ:QFIN,NYSE:NIO,NYSE:TGT,NYSE:ZIM,NYSE:TJX,NASDAQ:WIX,NYSE:DY,NYSE:WSM,NYSE:BERY,NASDAQ:GLBE,NYSE:RERE,NASDAQ:NVDA,NYSE:SNOW,NASDAQ:PANW,NASDAQ:JACK,NYSE:CPA,NYSE:SQM,NYSE:MMS,NYSE:CCIF,NASDAQ:ESEA,NYSE:BBAR,NASDAQ:BIDU,NASDAQ:PDD,NYSE:DE,NYSE:BJ,NYSE:VSTS,NASDAQ:WMG,NYSE:BEKE,NASDAQ:IQ,NASDAQ:NNOX,NASDAQ:SCVL,NASDAQ:INTU,NYSE:ESTC,NYSE:GAP,NASDAQ:ROST,NASDAQ:NTAP,NASDAQ:CPRT,NYSE:UGI,NASDAQ:MATW,NYSE:NGVC,NASDAQ:LGTY,NYSE:GB,NASDAQ:ADXN

  
[https://www.tradingview.com/support/solutions/43000487233-how-to-import-or-export-watchlist/](https://www.tradingview.com/support/solutions/43000487233-how-to-import-or-export-watchlist/)

  
I know... I know.... only NVDA matters ![img](emote|t5_2th52|4260)",65,nvda,2024-11-15
NVDA earnings will set the tone for the market from now until Trump takes office; and then his tweets/truth-social posts will dictate everything for the next 4 years.,60,nvda,2024-11-15
"**Summary for Weekly Earnings Thread 11/18 - 11/22**

1Ô∏è‚É£ **Market Vibe Check**: üìâ The sentiment is mixed but leaning bearish ahead of major earnings reports next week, with traders on edge about NVDA's upcoming release setting the tone for tech. Concerns over inflation and macroeconomic indicators are also adding to caution.

2Ô∏è‚É£ **Top Stock Plays**: 
- **[$NVDA](https://x.com/search?q=%24NVDA&src=cashtag_click)**: üé¢ High anticipation; expecting volatility. If they beat, bulls could charge, but a miss could send shockwaves.
- **[$WMT](https://x.com/search?q=%24WMT&src=cashtag_click)**: üéØ Calls are popular; traders are banking on holiday sales driving a 90 strike jump post-earnings. Watch for consumer sentiment.
- **[$SNOW](https://x.com/search?q=%24SNOW&src=cashtag_click)**: ‚ùÑÔ∏è Mixed feelings; historically volatile post-earnings. Expecting a possible bounce but high risk due to recent downgrades.
- **[$PANW](https://x.com/search?q=%24PANW&src=cashtag_click)**: üîí Buzz around calls; history shows the stock dips post-earnings despite beating.

3Ô∏è‚É£ **Rising Stars**: 
- **[$SYM](https://x.com/search?q=%24SYM&src=cashtag_click)**: üöÄ Surging mentions; potential breakout play, currently gaining momentum.
- **[$ZTO](https://x.com/search?q=%24ZTO&src=cashtag_click)**: üì¶ Increasing chatter as interest builds; traders looking for a dip buy opportunity based on earnings.

4Ô∏è‚É£ **Hidden Gems**: 
- **[$JACK](https://x.com/search?q=%24JACK&src=cashtag_click)**: üçî Strong positive vibes from recent earnings; could attract more attention post-earnings.
- **[$GAP](https://x.com/search?q=%24GAP&src=cashtag_click)**: üëñ Possible recovery play; analysts hint at potential upside after recent underperformance.

5Ô∏è‚É£ **Forecast & Actionable Insights**: 
- **$NVDA**: ‚ö†Ô∏è If you're risking it, consider a straddle to capitalize on expected volatility; timing is key. Maybe grab puts if you're bearish.
- **$WMT**: üí° Lock in some profits from calls pre-earnings; market seems to expect a pop, but be prepared for a sell-off.
- **$SNOW**: ‚òÉÔ∏è Short puts might be a way to capitalize on a rebound if the market gives it a bump after earnings.
- **Diversify**: üå™Ô∏è Keep an eye on correlated tech stocks like $MU for hedging NVDA plays to manage risk better.

[View Discussion](https://i.redd.it/81m4ue5uy21e1.jpeg)",179,nvda,2024-11-18
"many assumes NVDA goes down (including me) cuz everything is priced in already, but I don't have balls to buy puts. will just sit and watch üòÑ",36,nvda,2024-11-17
NVDA did not create an AI wormhole to teleport us to the other side of the universe. Therefore stock goes down,33,nvda,2024-11-20
NVDA earnings broke Reddit again and it hasn't even started moving yet :4271:,33,nvda,2024-11-20
So NVDA 160 eow,29,nvda,2024-11-20
Lol why is reddit down on nvda earning day again,28,nvda,2024-11-20
I will never financially recover from this NVDA,24,nvda,2024-11-20
"Either you die or you soar NVDA, none of this flat shit",20,nvda,2024-11-20
NVDA dead and flat. All calls and puts smoked. Thanks for playing.,21,nvda,2024-11-20
"You don‚Äôt need daily chart to look at NVDA price action regards.

You‚Äôre crashing the whole site. ![img](emote|t5_2th52|27421)",19,nvda,2024-11-20
NVDA calls,19,nvda,2024-11-15
"NVDA got off the mat. Eyes are glowing, leather is shining. Time to rip",18,nvda,2024-11-20
Nervous poopin pants daily until nvda,17,nvda,2024-11-15
Big v shape recovery for NVDA. Relax fellas,16,nvda,2024-11-20
"Bulls ‚ÄúBears are fucked‚Äù, Bears ‚ÄúBulls are fucked‚Äù NVDA ‚ÄúYou‚Äôre both fucked‚Äù",16,nvda,2024-11-20
"NVDA earnings, here we gooooo",14,nvda,2024-11-15
"okay guys we all really need NVDA to blowout earnings Wednesday or else this market is cooked (especially the semiconductor industry, like SOXL) ![img](emote|t5_2th52|4267)![img](emote|t5_2th52|4267)![img](emote|t5_2th52|4267)",14,nvda,2024-11-16
NVDA earnings crashed Reddit servers ![img](emote|t5_2th52|31225),16,nvda,2024-11-20
Theta gang gonna win this NVDA earnings day,16,nvda,2024-11-20
"Reddit servers mysteriously crash on the exact same time NVDA reported earnings last Q, hmm. MM cucks, yall listening?![img](emote|t5_2th52|4640)",14,nvda,2024-11-20
The news is phenomenal for NVDA. This AH dip is just artificial from MMs to spook retail and gobble up shares at a discount.,15,nvda,2024-11-20
"*NVDA: Demand is outpacing supply...*

Market: Short this garbage to the ground. Let's go buy MSTR.",15,nvda,2024-11-20
!banbet NVDA 155 1w,12,nvda,2024-11-15
You can't spell NVDA without the V,12,nvda,2024-11-20
Sike! Nvda ain't actually going anywhere.,13,nvda,2024-11-20
Good thing I didn't hold any calls through these NVDA earnings. Literally expect NVDA to face rip green tomorrow if it holds above $135-140.,13,nvda,2024-11-20
Reddit needs some NVDA chips. Whatever garbage they're running on needs to be thrown in the trash üóëÔ∏è,13,nvda,2024-11-20
"**NVDA GANG**

11/20 will decide the fate of the next quarter for the markets. Go Long or forever hold your peace.


*Stay Safe*",36,nvda,2024-11-15
If anyone wants to play nvda play mu to not get IV crushed. They‚Äôre highly correlated and move together during almost all major events including earnings,11,nvda,2024-11-17
Everybody pimping nvda ![img](emote|t5_2th52|52627),12,nvda,2024-11-20
So NVDA 160 tomorrow,12,nvda,2024-11-20
The only reason NVDA is going down is because of the shitty mic.,11,nvda,2024-11-20
"If NVDA tanks on earning it‚Äôs bringing sp500 with it.
Inflation is not contained, labor report is not trust worthy. Media wants us to think everything is alright when it‚Äôs really not..
Everything is overvalued and expensive. Major consolidation is must needed before bubble gets even bigger. Trump euphoria just showed how market makes idiotic moves by making TSLA a trillion dollar company",28,nvda,2024-11-16
"If NVDA shits the bed, the whole market will be selling off til late Jan. When daddy Trump goes into office the market will start rebounding. With that being said. I just dumped 1k into NVDA calls lol",24,nvda,2024-11-20
NVDA DOUBLES revenue and the stock is more or less flat ?!? üëÄ,25,nvda,2024-11-20
my NVDA calls are -40% right now üò¢,10,nvda,2024-11-15
"Holding ZIM calls üöÄ, plan to buy Walmart calls, Nvda calls.. 

Been on a crazy run, hit RKLB, DIS, LUNR (I cashed right before the dip), AFRM, PLTR‚Ä¶ lost on HD, BABA..",12,nvda,2024-11-16
NVDA to the moon üåù üöÄ,11,nvda,2024-11-20
Cmon NVDA!!,9,nvda,2024-11-15
nvda going push spy to 669,10,nvda,2024-11-15
"NVDA: ""What this market want from a ninja?""",10,nvda,2024-11-20
Nvda whyyy![img](emote|t5_2th52|31225),11,nvda,2024-11-20
"Fuck nvda 
Fuck reddit too",10,nvda,2024-11-20
NVDA gang members? ![img](emote|t5_2th52|4276),29,nvda,2024-11-20
NVDA earnings have become bigger thing than JPOW stupid interest rates and SPY earnings calls.,19,nvda,2024-11-15
IV gonna fuck yall asses tomorrow on NVDA,18,nvda,2024-11-19
"NVDA dropping because it didn't beat earnings by 1,000,000%",18,nvda,2024-11-20
Fake dip. NVDA huge bull move tomorrow +4-7%.,19,nvda,2024-11-20
So stupid not to have bought that NVDA 141c 11/15 at 1:30 when it was at .15...  literally watched that fly right by.  I was looking for an EOD and that was it.,9,nvda,2024-11-15
NVDA beat across the board,8,nvda,2024-11-20
Shit NVDA is falling. I hoped NVDA will raise and all tech stocks will follow it. Now my SPY and QQQ calls will go down.,9,nvda,2024-11-20
What exactly does NVDA want to do?,8,nvda,2024-11-20
NVDA LETS GOOOOO,9,nvda,2024-11-20
"NVDA is trying to tank, but the world is keeping it up like theyre sending Ki for the big bang. tomorrow will be nice",9,nvda,2024-11-20
"With this outlook, NVDA 165+ by EOY",9,nvda,2024-11-20
NVDA gonna hit earnings and barely miss guidance,17,nvda,2024-11-15
NVDA will run tomorrow,16,nvda,2024-11-20
been full ported in nvda calls since the august drop. planning to hold all of it through earnings ![img](emote|t5_2th52|4276),7,nvda,2024-11-15
What‚Äôs the most regarded nvda play someone can bet 500 bucks on,7,nvda,2024-11-19
nVda,8,nvda,2024-11-20
Reddit better buys some NVDA chips to let their servers run properly.,8,nvda,2024-11-20
This happened the last time nvda earning,8,nvda,2024-11-20
"WMT calls. 

NVDA straddle, but I think puts are the play. They'd need some of the most insane numbers to break $150",15,nvda,2024-11-15
"Did NVDA confirm exponential and infinite growth forecasts? If not, of course they'll go down because they didn't confirm everyone's regarded expectations.",15,nvda,2024-11-20
Nvda recovered to the moon we go,15,nvda,2024-11-20
"What are we calling on nvda , it can‚Äôt push lower right ![img](emote|t5_2th52|4260)",8,nvda,2024-11-15
!banbet NVDA 149.69 1w,8,nvda,2024-11-15
"I have a hard time believing that the market makers would allow the world‚Äôs largest company, a US company, tank 2 weeks after Orange Man gets the win. Could be the hopium talking, though. LFG NVDA.",8,nvda,2024-11-16
aw shit here we go again NVDA ![img](emote|t5_2th52|29637),7,nvda,2024-11-16
Banbet 135$ NVDA 1d,8,nvda,2024-11-20
Bought the NVDA dip,7,nvda,2024-11-20
The actual nvda pump will commence next week right? Right? ![img](emote|t5_2th52|4260),13,nvda,2024-11-20
NVDA strangle holders...strangled,14,nvda,2024-11-21
NVDA is the only thing that matters. If ER and guidance beat expectations üöÄ. Else the üêª will party,13,nvda,2024-11-15
!banbet NVDA 150 1w,6,nvda,2024-11-15
"Nearly caught the bottom today on the NVDA 145c, got it at $5.05. Hoping this pumps monday and tuesday so i leave with the gains.",6,nvda,2024-11-16
Is all this IV on SPY just in anticipation of NVDA earnings or am i missing something?,6,nvda,2024-11-20
Nvda needs to stop phunkin with my heart,6,nvda,2024-11-20
Puts on NVDA cause they can still beat expectations and go down lol,16,nvda,2024-11-18
NVDA is fighting like a lion boys,11,nvda,2024-11-20
NVDA üçÜüçÜüçÜüöÄüöÄüöÄüöÄüöÄüöÄüöÄüöÄüöÄüöÄüöÄüöÄüöÄ,9,nvda,2024-11-19
"In the last NVDA earnings, the big dip didn‚Äôt come until day 2",10,nvda,2024-11-20
"cant decide how i want to play these nvda earnings
last time we had great earnings but lower guidance killed the gainz",5,nvda,2024-11-20
ruh roh nvda.  let the dump commence,4,nvda,2024-11-20
link to nvda earnings call?,5,nvda,2024-11-20
What's NVDA doing? Temped to put a buy order...,5,nvda,2024-11-20
We either tank a lot or moon a bit next few days for NVDA,6,nvda,2024-11-20
"My NVDA DEC 160 calls are cooked. Looks like Santa is doing a flyby my house this year. Sorry kids, you can blame Reddit being down for no gifts",5,nvda,2024-11-20
"Reddit servers can't handle nvda chatter, but stock was up. Hmmm, what Celeron PC server you running there. Nvidia destroys earnings, stock down.![img](emote|t5_2th52|4260)",5,nvda,2024-11-20
So is there any moves tomorrow ![img](emote|t5_2th52|4271) gotta get these NVDA losses back,5,nvda,2024-11-20
NVDA already recovered before the bell but no one buying options won.,5,nvda,2024-11-21
"NVDA is still the play. Rich assholes have nowhere else to put their money. NVDA is like a shitcoin, but better. See y'all tomorrow!",9,nvda,2024-11-20
The call could save NVDA. Please say some amazing shit,9,nvda,2024-11-20
!banbet nvda 150 1w,7,nvda,2024-11-15
Anyone here strangle play on NVDA earnings?,4,nvda,2024-11-15
"You guys think NVDA gonna set the market? 

Also does SNOW always fall on earnings wtf? Seems like every earnings this year they've tanked",4,nvda,2024-11-15
What are we thinking about the nvda and meta hearing?,4,nvda,2024-11-15
Other than NVDA is there anything else for the week you guys or ladies looking at?,4,nvda,2024-11-20
"SNOW showing up NVDA, embarrassing ![img](emote|t5_2th52|31225)",5,nvda,2024-11-20
"Why nvda not doing anything 
I guess i have to go back to papa jensen and return this to him 
As it has stopped working.",3,nvda,2024-11-20
Holding my very very few nvda calls to Valhalla. Stocks too. Tomorrow when the sun rises the world will know and will want to be a part of it. VAMOOOOOOSSSSS!!!,5,nvda,2024-11-20
I‚Äôm still in for NVDA ![img](emote|t5_2th52|8883),5,nvda,2024-11-20
NVDA ![img](emote|t5_2th52|29637)![img](emote|t5_2th52|4276)![img](emote|t5_2th52|8882)![img](emote|t5_2th52|4258),5,nvda,2024-11-21
The recovery on NVDA is a beautiful sight,5,nvda,2024-11-21
NVDA $160 tomorrow üòé,12,nvda,2024-11-20
Nvda calls for earnings?,7,nvda,2024-11-18
MY NVDA CALLS BETTER PRINT TF,7,nvda,2024-11-20
"After my NVDA puts print, I will buy 10 leather jackets like those won by uncle Jensen.",11,nvda,2024-11-20
Slightly nervous about my NVDA calls,7,nvda,2024-11-20
NVDA puts¬†,8,nvda,2024-11-16
nvda flat again into market sell off?!,3,nvda,2024-11-15
NVDA flips green in pre market. The post earnings comeback story of the year.,3,nvda,2024-11-21
Nvda 150c at open,3,nvda,2024-11-21
"Nvda trap‚Ä¶

What happen with goog?",3,nvda,2024-11-21
ok NVDA lets go green,3,nvda,2024-11-21
Anyone else buying nvda puts or am I crazy,3,nvda,2024-11-17
"$$$$$$$$$$$$$$$$$$$$$$$


NVDA



$$$$$$$$$$$$$$$$$$$$$$$$$$$$$$$",5,nvda,2024-11-19
"Ok, bulls. What's the play for tomorrow, got to get some parallel gains going along with NVDA tomorrow?",4,nvda,2024-11-21
How many people sold NVDA and r about to have sellers remorseü§°üöÄ,5,nvda,2024-11-21
Smart money moving from NVDA to MSTR,5,nvda,2024-11-20
It‚Äôs way too bullish for NVDA in here. It‚Äôs going to dump I can feel it. Tarrifs on the horizon and just the overwhelming hype I don‚Äôt think it can live up to. It‚Äôs dumping‚Ä¶ also it dumped last earnings too,5,nvda,2024-11-20
"Going to bet on NVDA and going to bet Reddit gets some new Blackwell chips 

Bullish",2,nvda,2024-11-20
Holding my very very few nvda calls to Valhalla. Stocks too. Tomorrow when the sun rises the world will know and will want to be a part of it. VAMOOOOOOSSSSS!!!,2,nvda,2024-11-20
NVDA is going to close at the exact same price it closed at yesterday isn't it?,2,nvda,2024-11-21
NVDA bears in shambles. $145C weeklies printing in the AM,4,nvda,2024-11-20
"dumb question would straddling SPY make more sense than straddling NVDA since if the latter tanks or flies, it‚Äôll directly correlate?",4,nvda,2024-11-20
Imagine being regarded trying to gamble for 0.1x on NVDA when you could have made 20x on 0DTE SPX in 30 mins.,3,nvda,2024-11-20
"NVDA to miss, so I can enjoy how world burns",4,nvda,2024-11-16
Am I regarded to buy nvda 200$ calls for Dec 27 2024?,3,nvda,2024-11-20
just buy NVDA lol some of ya'll are so dumb,1,nvda,2024-11-20
NVDA pump at open and then huge dip,4,nvda,2024-11-21
!banbet NVDA 130 1w,3,nvda,2024-11-15
NVDA 175c are gonna print,3,nvda,2024-11-15
"People will sell off NVDA during the next days and weeks. It‚Äòs still a solid stock but it‚Äòs not gonna grow exponentially for now. People will look for the next hype to jump on.

It has become just another tech stock",1,nvda,2024-11-20
 Saw there were like 5M worth of NVDA 50C. Are deep ITM calls bullish or bearish,1,nvda,2024-11-20
We could get some good guidance too during the call for nvda could help,1,nvda,2024-11-20
NVDA governors are off gentlemen. Hold onto your dicks.,1,nvda,2024-11-21
Anyone use qtrade? It doesn‚Äôt update options pricing until 20mins after the bell. Also doesnt allow me to market sell. Missed out on Nvda at 150,1,nvda,2024-11-21
"It‚Äôs over, NVDA down. Go home ![img](emote|t5_2th52|31226)",1,nvda,2024-11-20
"It's time for NVDA to start paying a dividend and moving like the rest of the mega caps. The euphoria is over, guys.

I'm not saying it won't go up in the future, but it's grown to its industry peak. Unless Nvidia starts branching out into other products, it's a dividend play.",0,nvda,2024-11-20
Nvda go down you bitch ![img](emote|t5_2th52|27421),-5,nvda,2024-11-20
NVDA ceiling has been hit. Puts are ez money. Best time to go in is now. 50% puts 50% NVDQ ![img](emote|t5_2th52|53057)![img](emote|t5_2th52|53057)![img](emote|t5_2th52|53057),-4,nvda,2024-11-19
"It's time for NVDA to start paying a dividend and moving like the rest of the mega caps. The euphoria is over, guys.

I'm not saying it won't go up in the future, but it's grown to its industry peak. Unless Nvidia starts branching out into other products, it's a dividend play.",-3,nvda,2024-11-20
DIE NVDA DIE! ![img](emote|t5_2th52|27421),-4,nvda,2024-11-20
Mag 7 pulling the market down today‚Ä¶. NVDA On copium rn.,-2,nvda,2024-11-21
NVDA big earnings miss,-7,nvda,2024-11-21
"NVDA beats will go up some, misses and we can see a major correction.",10,nvda,2024-11-17
"just wondering how these get determined. shouldn‚Äôt it just be the bigger the beat/miss the bigger the move? like why does something like apple usually move less than 5% on earnings no matter how good/bad it is while nvda always has a much bigger move, excluding their most recent earnings where i believe they were down 6 or 7%, in contrast to the usual 10-15% move",2,nvda,2024-11-17
"Thanks for the pic re: earnings thread. Not sure what's going to happen with NVDA because semi's have rolled over of late. Could go either way, but I wouldn't bet against Jenson. I'll be looking at TCOM, WMT, VIK, INTU only because tech has been pulling back. Do you have any faves?",2,nvda,2024-11-15
I think it's gonna be a repeat but on a smaller scale. Id shit my pants if nvda actually ripped up past 150,8,nvda,2024-11-16
"**Ban Bet Created:** **/u/strictlyPr1mal** bet **NVDA** goes from **142.12** to **155.0** before **22-Nov-2024 03:23 PM EST**

Their record is 8 wins and 6 losses.

[**Join WSB Discord**](http://discord.gg/wsbverse)",7,nvda,2024-11-15
"Not really, NVDA dumped last time and most of the market still broke ATH several times.",15,nvda,2024-11-15
"Looking for markets to finish correcting, but should hold, and a good chance will then go higher into year end to avoid year end tax implications. Thinking Jan. 2025 will bring selling. As for NVDA, don't know, but semi's are rolling over. JMO",2,nvda,2024-11-15
This little stock you probably haven't heard of. NVDA,6,nvda,2024-11-18
NVDA and QQQ will crash hard after today,1,nvda,2024-11-20
Feeling that the sp500 has a building up to near ATH into the NVDA Wednesday earnings and then has a big pull back when NVDA misses.,4,nvda,2024-11-17
"Ask yourself, when was the last time nvda tanked in 3rd quarter earnings?",4,nvda,2024-11-16
"Hmm what about santa rally? Unless NVDA reallly under delivers, seems hard to kill that seasonal tradition.",1,nvda,2024-11-20
Pumping before earnings is probably the worst scenario for NVDA....I think it may pump to 150 and retest ATHs and then sell off AH after earnings,9,nvda,2024-11-19
"If you go back and look at NVDA ER charts, you will see, NVDA likes to touch the 20ma and then it is free to shoot upwards. I think that because it went below 20ma and only today it went above the 20ma, it has a really good chance that it'll get that 8% jump and just go up up  up.  Like I might just go calls to the wall with it this time. Especially because crypto mining is also about to come back into fashion in a big way. The BTC are ALMOST worth the electricity cost now.",2,nvda,2024-11-19
"**Ban Bet Created:** **/u/just23x3_4fun** bet **NVDA** goes from **141.99** to **149.69** before **22-Nov-2024 04:31 PM EST**

Their record is 1 wins and 2 losses.

[**Join WSB Discord**](http://discord.gg/wsbverse)",4,nvda,2024-11-15
Buy NVDA puts and make me some juicy loss porn ![img](emote|t5_2th52|31224),2,nvda,2024-11-18
"NVDA IS GOING TO EXPLODE ITS PROFITS AND WILL DOWN THIS WEEK TO 125, THEN IT WILL REACH 160",9,nvda,2024-11-20
"**Ban Bet Created:** **/u/naked_space_chimp** bet **NVDA** goes from **141.98** to **150.0** before **22-Nov-2024 04:08 PM EST**

Their record is 0 wins and 0 losses.

[**Join WSB Discord**](http://discord.gg/wsbverse)",3,nvda,2024-11-15
"calls on nvda, puts on spy",3,nvda,2024-11-20
NVDA calls,8,nvda,2024-11-19
"**Ban Bet Created:** **/u/Will018** bet **NVDA** goes from **142.0** to **150.0** before **22-Nov-2024 04:25 PM EST**

Their record is 0 wins and 1 losses.

[**Join WSB Discord**](http://discord.gg/wsbverse)",2,nvda,2024-11-15
"Nvda 155c, panw 360p",2,nvda,2024-11-19
You already have a bet going - NVDA to 130.0 before 21-Nov-2024 02:01 PM -05,2,nvda,2024-11-20
"Damn, every candle that makes me think ""that's it, its gonna drop now, I should get puts""; NVDA just bounces up even higher. It's feeling like a 4 Trilli stock about to come into existence.",2,nvda,2024-11-19
"Also, I dont want to sound crazy, but I am. I think as long as we see meme stonk pumpin, and the craptos pumpin, you gotta buy calls on the mag7, NVDA, or just the QQQ/TQQQ",2,nvda,2024-11-19
"I played nvda puts last earnings and managed to lose on IV crush even though the stock went down. I‚Äôm just gonna wait until after earnings this time. I did well playing Tesla and Upstart post earnings, gonna do the same thing here.

Oh also something that‚Äôs happened kind of often is a stock pumping up in the morning after earnings, and then having it‚Äôs pump completely sold off, sometimes even to the point it goes lower than what it was before earnings. But a sell off of that size could happen over at least several days. By waiting until after earnings I‚Äôll also be safe if that happens.",4,nvda,2024-11-17
"Post earning is always the play![img](emote|t5_2th52|12787)if it goes up great i'll get some calls, if it goes down great I'll get some cheaper calls because it's fucking NVDA!",7,nvda,2024-11-17
"**Unstoppable force**(retail sentiments being way too bullish) vs **Immovable object**(analysts lowered everything because of tariffs, SMCI book cooking, global tension, and market all fomo-ing into bitcorn related stocks because NVDA has been trading sideways with low to negative returns so everyone stopped giving a shit)",2,nvda,2024-11-20
NVDA going to drag the whole market down Thursday and Friday,1,nvda,2024-11-19
"**Ban Bet Created:** **/u/iGunslinger** bet **NVDA** goes from **141.68** to **130.0** before **22-Nov-2024 03:42 PM EST**

Their record is 0 wins and 2 losses.

[**Join WSB Discord**](http://discord.gg/wsbverse)",8,nvda,2024-11-15
"**Ban Bet Created:** **/u/boris__15** bet **NVDA** goes from **142.03** to **152.0** before **22-Nov-2024 04:20 PM EST**

Their record is 0 wins and 0 losses.

[**Join WSB Discord**](http://discord.gg/wsbverse)",2,nvda,2024-11-15
"I got puts, but lost my shirt on NVDA so inverse me",2,nvda,2024-11-21
"**Ban Bet Created:** **/u/3Sayndre** bet **NVDA** goes from **142.12** to **180.0** before **22-Nov-2024 04:49 PM EST**

Their record is 0 wins and 0 losses.

[**Join WSB Discord**](http://discord.gg/wsbverse)",5,nvda,2024-11-15
"Im assuming it's because they've been on a such a rip this year. Similar to NVDA how they blew expectations out of the water every earnings, they didn't quite suprise enough is my guess.

I see this as a sweet dip for shares. No way in hell are we slowing down on electrical upgrades across our grid.",1,nvda,2024-11-20
You already have a bet going - NVDA to 165.0 before 07-Dec-2024 01:18 AM -05,6,nvda,2024-11-20
"yeah except miss is not an option, not this quarter or next year.

the 2 real options are

NVDA beats and guidance in line with expectations, stock drops a little and go sideways.

NVDA beats and guidance exceeds expectations, huge upside.",11,nvda,2024-11-17
Nvda free cash flow stagnated last quarter. Revenue was up but bottom line was flat.¬†,2,nvda,2024-11-17
the world's most valuable company will certainly have an impact on all 3 indexes either way. market broke ATH after earnings after we had a broader market sell off around September 5th off of inflation numbers and then J Pow confirming / subsequently cutting interest rates. Market would not have made ATH if NVDA never recovered quickly from low 100s back to 130-140 range.,1,nvda,2024-11-15
SMCI will not be delisted on Monday. the scam continues. more NVDA gpus to be sold to SMCI. NVDA to the moon.,5,nvda,2024-11-16
Last earnings they went down because some buffoons in wallstreet forcasted nvda beating earnings above their historical beat,7,nvda,2024-11-15
"pretty much everything is mooning today, which usually means NVDA even harder.

just because it's mooning today doesn't mean it cant break ATH after another beat",3,nvda,2024-11-19
I was researching calls as the W for NVDA. I hit a big W this week so I‚Äôm thinking a cheaper one such as VSTS,2,nvda,2024-11-20
Not too impressive tbh... for othrr companies this is great but wallstreet has NVDA on a much higher expectation. Hopefully they see something optimistic that im not. My calls are gonna open a new one ![img](emote|t5_2th52|31225),3,nvda,2024-11-20
Here‚Äôs to hoping. NVDA is a monster and looks good through year‚Äôs end regardless,1,nvda,2024-11-20
"Have you heard of this stock called NVDA? 

My brother's hairdresser's dog told him about it

He says it's going to the moon

It will definitely do that because that's what some random person told me it will do

I'm not even going to do any of my own research on it

I'm not even going to look through the rest of this thread to see what people have already been talking about

Think I might write a generic question asking what I should do with my own money to turn it into more...

Fuck, I'm glad I'm laid off with nothing to do because I just wasted a lot of time to tell you to not be so entitled",0,nvda,2024-11-19
"NVDA 4 trillion market cap incoming

Does anyone realize how many NVDA chips Elon Musk is buying??????????????????????????",1,nvda,2024-11-19
"Any other company show the same growth a year ago, or even earlier this year, and they‚Äôre up and away. NVDA does it and the market says ‚ÄúNah you should‚Äôve make a trillion dollars in revenue and cure cancer!!!‚Äù",7,nvda,2024-11-21
$NVDA baby,3,nvda,2024-11-16
"Just NVDA, I‚Äôm poor",1,nvda,2024-11-19
https://tools.optionsai.com/expected-move/NVDA,2,nvda,2024-11-15
"Lol long-dated NVDA puts seem absolutely regarded to me. If you don‚Äôt sell those now, you‚Äôll be bleeding 2% a day for a long time. You‚Äôre basically betting on the AI bubble bursting. Sure, if you‚Äôre right, the gains would be insane, but let‚Äôs face it, you‚Äôre not :)",1,nvda,2024-11-21
"Typically, companies in the same area/industry move together. NVDA ER is likely to move TSM, MU and other top AI stocks. Target doing well indicates consumer spending going up which is also good for walmart going into the holiday season since lots of shoppers go to both walmart and target. Increased consumer spending is good for the whole discount retailer industry essentially",1,nvda,2024-11-19
"Some implied moves for earnings next week( up or down degenerates) -136 companies reporting:

[$NVDA](https://x.com/search?q=%24NVDA&src=cashtag_click) 9.8%  
[$SNOW](https://x.com/search?q=%24SNOW&src=cashtag_click) 11.6%  
[$PANW](https://x.com/search?q=%24PANW&src=cashtag_click) 8.8%  
[$WMT](https://x.com/search?q=%24WMT&src=cashtag_click) 5.3%  
[$LOW](https://x.com/search?q=%24LOW&src=cashtag_click) 4.3%  
[$TGT](https://x.com/search?q=%24TGT&src=cashtag_click) 9.0%  
[$ESTC](https://x.com/search?q=%24ESTC&src=cashtag_click) 16.9%  
[$ROST](https://x.com/search?q=%24ROST&src=cashtag_click) 6.3%  
[$NTAP](https://x.com/search?q=%24NTAP&src=cashtag_click) 8.0%  
[$BIDU](https://x.com/search?q=%24BIDU&src=cashtag_click) 6.4%  
[$PDD](https://x.com/search?q=%24PDD&src=cashtag_click) 9.4%  
[$DE](https://x.com/search?q=%24DE&src=cashtag_click) 5.5%  
[$JACK](https://x.com/search?q=%24JACK&src=cashtag_click) 15.9%  
[$TJX](https://x.com/search?q=%24TJX&src=cashtag_click) 4.7%  
[$WIX](https://x.com/search?q=%24WIX&src=cashtag_click) 13.3%  
[$DY](https://x.com/search?q=%24DY&src=cashtag_click) 14.4%  
[$WSM](https://x.com/search?q=%24WSM&src=cashtag_click) 13.7%  
[$INTU](https://x.com/search?q=%24INTU&src=cashtag_click) 5.5%  
[$GAP](https://x.com/search?q=%24GAP&src=cashtag_click) 13.2%  
[$CPRT](https://x.com/search?q=%24CPRT&src=cashtag_click) 7.2%   
[$MDT](https://x.com/search?q=%24MDT&src=cashtag_click) 3.7%  
[$ZTO](https://x.com/search?q=%24ZTO&src=cashtag_click) 11.0%  
[$NIO](https://x.com/search?q=%24NIO&src=cashtag_click) 11.8%  
[$FUTU](https://x.com/search?q=%24FUTU&src=cashtag_click) 10.1%  
[$XPEV](https://x.com/search?q=%24XPEV&src=cashtag_click) 11.2%  
[$SCVL](https://x.com/search?q=%24SCVL&src=cashtag_click) 13.3%  
[$SYM](https://x.com/search?q=%24SYM&src=cashtag_click) 19.7%",81,panw,2024-11-17
"since I just did the work; you can copy paste this into a notepad file, save and import to tradingview watchlist for all the tickers in order of earnings:

NASDAQ:BTBT,NASDAQ:BTDR,NASDAQ:EH,NYSE:BRC,NASDAQ:TWST,NASDAQ:MOND,NASDAQ:CLRB,NASDAQ:SYM,NASDAQ:TCOM,NYSE:BRBR,NYSE:TUYA,NYSE:ACM,NASDAQ:ZENV,NASDAQ:IIIV,NASDAQ:NRXP,NYSE:WMT,NASDAQ:WKHS,NYSE:LOW,NYSE:XPEV,NYSE:MDT,NASDAQ:FUTU,NYSE:VIPS,NYSE:VIK,NASDAQ:ATAT,NYSE:MYTE,NASDAQ:POWL,NYSE:AZEK,NYSE:KEYS,NYSE:ZTO,NYSE:LZB,NYSE:KORE,NYSE:DLB,NYSE:DNMR,NASDAQ:SBLK,NASDAQ:QFIN,NYSE:NIO,NYSE:TGT,NYSE:ZIM,NYSE:TJX,NASDAQ:WIX,NYSE:DY,NYSE:WSM,NYSE:BERY,NASDAQ:GLBE,NYSE:RERE,NASDAQ:NVDA,NYSE:SNOW,NASDAQ:PANW,NASDAQ:JACK,NYSE:CPA,NYSE:SQM,NYSE:MMS,NYSE:CCIF,NASDAQ:ESEA,NYSE:BBAR,NASDAQ:BIDU,NASDAQ:PDD,NYSE:DE,NYSE:BJ,NYSE:VSTS,NASDAQ:WMG,NYSE:BEKE,NASDAQ:IQ,NASDAQ:NNOX,NASDAQ:SCVL,NASDAQ:INTU,NYSE:ESTC,NYSE:GAP,NASDAQ:ROST,NASDAQ:NTAP,NASDAQ:CPRT,NYSE:UGI,NASDAQ:MATW,NYSE:NGVC,NASDAQ:LGTY,NYSE:GB,NASDAQ:ADXN

  
[https://www.tradingview.com/support/solutions/43000487233-how-to-import-or-export-watchlist/](https://www.tradingview.com/support/solutions/43000487233-how-to-import-or-export-watchlist/)

  
I know... I know.... only NVDA matters ![img](emote|t5_2th52|4260)",67,panw,2024-11-15
"**Summary for Weekly Earnings Thread 11/18 - 11/22**

1Ô∏è‚É£ **Market Vibe Check**: üìâ The sentiment is mixed but leaning bearish ahead of major earnings reports next week, with traders on edge about NVDA's upcoming release setting the tone for tech. Concerns over inflation and macroeconomic indicators are also adding to caution.

2Ô∏è‚É£ **Top Stock Plays**: 
- **[$NVDA](https://x.com/search?q=%24NVDA&src=cashtag_click)**: üé¢ High anticipation; expecting volatility. If they beat, bulls could charge, but a miss could send shockwaves.
- **[$WMT](https://x.com/search?q=%24WMT&src=cashtag_click)**: üéØ Calls are popular; traders are banking on holiday sales driving a 90 strike jump post-earnings. Watch for consumer sentiment.
- **[$SNOW](https://x.com/search?q=%24SNOW&src=cashtag_click)**: ‚ùÑÔ∏è Mixed feelings; historically volatile post-earnings. Expecting a possible bounce but high risk due to recent downgrades.
- **[$PANW](https://x.com/search?q=%24PANW&src=cashtag_click)**: üîí Buzz around calls; history shows the stock dips post-earnings despite beating.

3Ô∏è‚É£ **Rising Stars**: 
- **[$SYM](https://x.com/search?q=%24SYM&src=cashtag_click)**: üöÄ Surging mentions; potential breakout play, currently gaining momentum.
- **[$ZTO](https://x.com/search?q=%24ZTO&src=cashtag_click)**: üì¶ Increasing chatter as interest builds; traders looking for a dip buy opportunity based on earnings.

4Ô∏è‚É£ **Hidden Gems**: 
- **[$JACK](https://x.com/search?q=%24JACK&src=cashtag_click)**: üçî Strong positive vibes from recent earnings; could attract more attention post-earnings.
- **[$GAP](https://x.com/search?q=%24GAP&src=cashtag_click)**: üëñ Possible recovery play; analysts hint at potential upside after recent underperformance.

5Ô∏è‚É£ **Forecast & Actionable Insights**: 
- **$NVDA**: ‚ö†Ô∏è If you're risking it, consider a straddle to capitalize on expected volatility; timing is key. Maybe grab puts if you're bearish.
- **$WMT**: üí° Lock in some profits from calls pre-earnings; market seems to expect a pop, but be prepared for a sell-off.
- **$SNOW**: ‚òÉÔ∏è Short puts might be a way to capitalize on a rebound if the market gives it a bump after earnings.
- **Diversify**: üå™Ô∏è Keep an eye on correlated tech stocks like $MU for hedging NVDA plays to manage risk better.

[View Discussion](https://i.redd.it/81m4ue5uy21e1.jpeg)",179,panw,2024-11-18
"Pelosi's fave PANW reporting Wednesday. Bought $417.50c 11/22 exp, needs about 7.7% to ITM so hoping for a run up or jump at earnings.

Think it'll print? Picked it up Friday close after 2% dip on the stock price. 

Hopefully the cabinet appointment announcements don't happen next week, every single one is tanking the market, people are pulling out money. These macro trends are an added variable that I can't call.",13,panw,2024-11-16
"PANW meets expectations on revenue, EPS and mid range of forward guidance.  Board announces 2:1 stock split.  Market not impressed and stock down nearly 6% now üòû",5,panw,2024-11-20
All in on PANW,4,panw,2024-11-15
"Panw dumping, I should‚Äôve stuck with my guts ![img](emote|t5_2th52|31225)",3,panw,2024-11-20
PANW down nearly 5 %‚Ä¶..Guh!  üòû,4,panw,2024-11-20
Nancy still holding PANW? calls if so,3,panw,2024-11-15
Why is everyone so bearish on panw,3,panw,2024-11-19
"damn I had target calls that blew up this morning and now I got panw and snow puts, at least panw will make a little back",3,panw,2024-11-20
PANW calls pricey,2,panw,2024-11-18
Thoughts on PANW Calls?,2,panw,2024-11-20
Who else is playing PANW?,1,panw,2024-11-19
What do yall think of PANW calls??,1,panw,2024-11-20
PANW calls. SNOW puts,1,panw,2024-11-20
Panw puts,0,panw,2024-11-16
PANW PUTS. SNOW CALLS,2,panw,2024-11-20
What exactly does $panw do?,2,panw,2024-11-16
"Any indication she's holding $PANW now? She's traded it in the past of this year? But, any indication she's holding any $PANW for the month of November?",2,panw,2024-11-16
"Nvda 155c, panw 360p",2,panw,2024-11-19
"im in SNOW, PANW, ZIM, TGT, and WSM",3,panw,2024-11-20
PANW puts are probably more likely.,0,panw,2024-11-20
Imo PANW heavily overvalued since the crowdstrike incident. Don‚Äôt take my word for it though I‚Äôm regarded,3,panw,2024-11-20
12/20 $200c. Only bought $100 worth. Now it‚Äôs $1200. Trust me I wish I played this more than fucking PANW,2,panw,2024-11-21
"Well, PANW always seems to drop.  I have puts",1,panw,2024-11-20
"since I just did the work; you can copy paste this into a notepad file, save and import to tradingview watchlist for all the tickers in order of earnings:

NASDAQ:BTBT,NASDAQ:BTDR,NASDAQ:EH,NYSE:BRC,NASDAQ:TWST,NASDAQ:MOND,NASDAQ:CLRB,NASDAQ:SYM,NASDAQ:TCOM,NYSE:BRBR,NYSE:TUYA,NYSE:ACM,NASDAQ:ZENV,NASDAQ:IIIV,NASDAQ:NRXP,NYSE:WMT,NASDAQ:WKHS,NYSE:LOW,NYSE:XPEV,NYSE:MDT,NASDAQ:FUTU,NYSE:VIPS,NYSE:VIK,NASDAQ:ATAT,NYSE:MYTE,NASDAQ:POWL,NYSE:AZEK,NYSE:KEYS,NYSE:ZTO,NYSE:LZB,NYSE:KORE,NYSE:DLB,NYSE:DNMR,NASDAQ:SBLK,NASDAQ:QFIN,NYSE:NIO,NYSE:TGT,NYSE:ZIM,NYSE:TJX,NASDAQ:WIX,NYSE:DY,NYSE:WSM,NYSE:BERY,NASDAQ:GLBE,NYSE:RERE,NASDAQ:NVDA,NYSE:SNOW,NASDAQ:PANW,NASDAQ:JACK,NYSE:CPA,NYSE:SQM,NYSE:MMS,NYSE:CCIF,NASDAQ:ESEA,NYSE:BBAR,NASDAQ:BIDU,NASDAQ:PDD,NYSE:DE,NYSE:BJ,NYSE:VSTS,NASDAQ:WMG,NYSE:BEKE,NASDAQ:IQ,NASDAQ:NNOX,NASDAQ:SCVL,NASDAQ:INTU,NYSE:ESTC,NYSE:GAP,NASDAQ:ROST,NASDAQ:NTAP,NASDAQ:CPRT,NYSE:UGI,NASDAQ:MATW,NYSE:NGVC,NASDAQ:LGTY,NYSE:GB,NASDAQ:ADXN

  
[https://www.tradingview.com/support/solutions/43000487233-how-to-import-or-export-watchlist/](https://www.tradingview.com/support/solutions/43000487233-how-to-import-or-export-watchlist/)

  
I know... I know.... only NVDA matters ![img](emote|t5_2th52|4260)",67,powl,2024-11-15
POWL calls baby,2,powl,2024-11-18
POWL lost a lot of cake this week. I think they destroy the numbers and are back at $350 by Friday.,1,powl,2024-11-16
Can someone explain to me why POWL is dumping like a rock after beating earnings by over 6%? The only thing I can find is a false missed earnings article,0,powl,2024-11-20
I bought WIX yesterday but I also bought POWL. ![img](emote|t5_2th52|4260),0,powl,2024-11-20
"Bro, our system is based on added liquidity. If the pipeline stops, that's when everything starts flying apart. If powl can't print, the market goes down no matter how much money nividia tries to bring in.",5,powl,2024-11-15
"I should‚Äôve taken profits on POWL, Instead I got greedy and doubled down with more money¬†![img](emote|t5_2th52|4260)",1,powl,2024-11-20
"Some implied moves for earnings next week( up or down degenerates) -136 companies reporting:

[$NVDA](https://x.com/search?q=%24NVDA&src=cashtag_click) 9.8%  
[$SNOW](https://x.com/search?q=%24SNOW&src=cashtag_click) 11.6%  
[$PANW](https://x.com/search?q=%24PANW&src=cashtag_click) 8.8%  
[$WMT](https://x.com/search?q=%24WMT&src=cashtag_click) 5.3%  
[$LOW](https://x.com/search?q=%24LOW&src=cashtag_click) 4.3%  
[$TGT](https://x.com/search?q=%24TGT&src=cashtag_click) 9.0%  
[$ESTC](https://x.com/search?q=%24ESTC&src=cashtag_click) 16.9%  
[$ROST](https://x.com/search?q=%24ROST&src=cashtag_click) 6.3%  
[$NTAP](https://x.com/search?q=%24NTAP&src=cashtag_click) 8.0%  
[$BIDU](https://x.com/search?q=%24BIDU&src=cashtag_click) 6.4%  
[$PDD](https://x.com/search?q=%24PDD&src=cashtag_click) 9.4%  
[$DE](https://x.com/search?q=%24DE&src=cashtag_click) 5.5%  
[$JACK](https://x.com/search?q=%24JACK&src=cashtag_click) 15.9%  
[$TJX](https://x.com/search?q=%24TJX&src=cashtag_click) 4.7%  
[$WIX](https://x.com/search?q=%24WIX&src=cashtag_click) 13.3%  
[$DY](https://x.com/search?q=%24DY&src=cashtag_click) 14.4%  
[$WSM](https://x.com/search?q=%24WSM&src=cashtag_click) 13.7%  
[$INTU](https://x.com/search?q=%24INTU&src=cashtag_click) 5.5%  
[$GAP](https://x.com/search?q=%24GAP&src=cashtag_click) 13.2%  
[$CPRT](https://x.com/search?q=%24CPRT&src=cashtag_click) 7.2%   
[$MDT](https://x.com/search?q=%24MDT&src=cashtag_click) 3.7%  
[$ZTO](https://x.com/search?q=%24ZTO&src=cashtag_click) 11.0%  
[$NIO](https://x.com/search?q=%24NIO&src=cashtag_click) 11.8%  
[$FUTU](https://x.com/search?q=%24FUTU&src=cashtag_click) 10.1%  
[$XPEV](https://x.com/search?q=%24XPEV&src=cashtag_click) 11.2%  
[$SCVL](https://x.com/search?q=%24SCVL&src=cashtag_click) 13.3%  
[$SYM](https://x.com/search?q=%24SYM&src=cashtag_click) 19.7%",81,snow,2024-11-17
"since I just did the work; you can copy paste this into a notepad file, save and import to tradingview watchlist for all the tickers in order of earnings:

NASDAQ:BTBT,NASDAQ:BTDR,NASDAQ:EH,NYSE:BRC,NASDAQ:TWST,NASDAQ:MOND,NASDAQ:CLRB,NASDAQ:SYM,NASDAQ:TCOM,NYSE:BRBR,NYSE:TUYA,NYSE:ACM,NASDAQ:ZENV,NASDAQ:IIIV,NASDAQ:NRXP,NYSE:WMT,NASDAQ:WKHS,NYSE:LOW,NYSE:XPEV,NYSE:MDT,NASDAQ:FUTU,NYSE:VIPS,NYSE:VIK,NASDAQ:ATAT,NYSE:MYTE,NASDAQ:POWL,NYSE:AZEK,NYSE:KEYS,NYSE:ZTO,NYSE:LZB,NYSE:KORE,NYSE:DLB,NYSE:DNMR,NASDAQ:SBLK,NASDAQ:QFIN,NYSE:NIO,NYSE:TGT,NYSE:ZIM,NYSE:TJX,NASDAQ:WIX,NYSE:DY,NYSE:WSM,NYSE:BERY,NASDAQ:GLBE,NYSE:RERE,NASDAQ:NVDA,NYSE:SNOW,NASDAQ:PANW,NASDAQ:JACK,NYSE:CPA,NYSE:SQM,NYSE:MMS,NYSE:CCIF,NASDAQ:ESEA,NYSE:BBAR,NASDAQ:BIDU,NASDAQ:PDD,NYSE:DE,NYSE:BJ,NYSE:VSTS,NASDAQ:WMG,NYSE:BEKE,NASDAQ:IQ,NASDAQ:NNOX,NASDAQ:SCVL,NASDAQ:INTU,NYSE:ESTC,NYSE:GAP,NASDAQ:ROST,NASDAQ:NTAP,NASDAQ:CPRT,NYSE:UGI,NASDAQ:MATW,NYSE:NGVC,NASDAQ:LGTY,NYSE:GB,NASDAQ:ADXN

  
[https://www.tradingview.com/support/solutions/43000487233-how-to-import-or-export-watchlist/](https://www.tradingview.com/support/solutions/43000487233-how-to-import-or-export-watchlist/)

  
I know... I know.... only NVDA matters ![img](emote|t5_2th52|4260)",69,snow,2024-11-15
"**Summary for Weekly Earnings Thread 11/18 - 11/22**

1Ô∏è‚É£ **Market Vibe Check**: üìâ The sentiment is mixed but leaning bearish ahead of major earnings reports next week, with traders on edge about NVDA's upcoming release setting the tone for tech. Concerns over inflation and macroeconomic indicators are also adding to caution.

2Ô∏è‚É£ **Top Stock Plays**: 
- **[$NVDA](https://x.com/search?q=%24NVDA&src=cashtag_click)**: üé¢ High anticipation; expecting volatility. If they beat, bulls could charge, but a miss could send shockwaves.
- **[$WMT](https://x.com/search?q=%24WMT&src=cashtag_click)**: üéØ Calls are popular; traders are banking on holiday sales driving a 90 strike jump post-earnings. Watch for consumer sentiment.
- **[$SNOW](https://x.com/search?q=%24SNOW&src=cashtag_click)**: ‚ùÑÔ∏è Mixed feelings; historically volatile post-earnings. Expecting a possible bounce but high risk due to recent downgrades.
- **[$PANW](https://x.com/search?q=%24PANW&src=cashtag_click)**: üîí Buzz around calls; history shows the stock dips post-earnings despite beating.

3Ô∏è‚É£ **Rising Stars**: 
- **[$SYM](https://x.com/search?q=%24SYM&src=cashtag_click)**: üöÄ Surging mentions; potential breakout play, currently gaining momentum.
- **[$ZTO](https://x.com/search?q=%24ZTO&src=cashtag_click)**: üì¶ Increasing chatter as interest builds; traders looking for a dip buy opportunity based on earnings.

4Ô∏è‚É£ **Hidden Gems**: 
- **[$JACK](https://x.com/search?q=%24JACK&src=cashtag_click)**: üçî Strong positive vibes from recent earnings; could attract more attention post-earnings.
- **[$GAP](https://x.com/search?q=%24GAP&src=cashtag_click)**: üëñ Possible recovery play; analysts hint at potential upside after recent underperformance.

5Ô∏è‚É£ **Forecast & Actionable Insights**: 
- **$NVDA**: ‚ö†Ô∏è If you're risking it, consider a straddle to capitalize on expected volatility; timing is key. Maybe grab puts if you're bearish.
- **$WMT**: üí° Lock in some profits from calls pre-earnings; market seems to expect a pop, but be prepared for a sell-off.
- **$SNOW**: ‚òÉÔ∏è Short puts might be a way to capitalize on a rebound if the market gives it a bump after earnings.
- **Diversify**: üå™Ô∏è Keep an eye on correlated tech stocks like $MU for hedging NVDA plays to manage risk better.

[View Discussion](https://i.redd.it/81m4ue5uy21e1.jpeg)",179,snow,2024-11-18
snow calls ‚ùÑÔ∏è,22,snow,2024-11-15
"Was looking at SNOW calls this afternoon, checked the chart, thought ""this looks primed to rip.""

And then did NOTHING.

But had I bought calls we'd be -18% rn.",20,snow,2024-11-20
"Record: 0-4

Last pick: SNOW puts ‚ùå

Next pick: PDD puts",15,snow,2024-11-21
#Just buy $SNOW everyone thinks it‚Äôll go down,14,snow,2024-11-20
LET IT SNOW ‚ùÑÔ∏è,13,snow,2024-11-20
SNOW!!! ![img](emote|t5_2th52|4276),14,snow,2024-11-20
I bought 6k worth of snow 145 calls yesterday. Now I wish I bought more üòûüòû,12,snow,2024-11-20
SNOW is gonna pump,10,snow,2024-11-15
Snowflake launching a rocket üöÄ,10,snow,2024-11-20
Congrats to SNOW,9,snow,2024-11-20
Who got snow calls,10,snow,2024-11-21
SNOW üéâüéâüéâ Finally a good ER üôå Up over 13% üôå,8,snow,2024-11-20
"How can you not bet on $snow in this sub?

Would be like not betting on $hookers",8,snow,2024-11-21
#tis the season to be $SNOW ing,9,snow,2024-11-21
"SNOW calls

all the ai stocks going up recently",15,snow,2024-11-16
In for SNOW to go up. My bet is Massively undervalued and huge AI play - people need to use it as the storage layer for big data!,7,snow,2024-11-16
Snow calls,6,snow,2024-11-16
Snow or Nvidia calls?,6,snow,2024-11-20
Damn SNOW crushed,7,snow,2024-11-20
IT'S SNOWING.,5,snow,2024-11-20
"Let it snow, bitches.",6,snow,2024-11-20
IDK when Nvidia ER coming but SNOW going up and up.,6,snow,2024-11-20
SNOWman in the building!,7,snow,2024-11-20
"Okay so WMT calls, SNOW calls",11,snow,2024-11-18
Someone please tell me if SNOW is actually bullish and not some big mistake,5,snow,2024-11-17
Whats the prediction for snow ?,5,snow,2024-11-20
Oh hell yeah snow!,5,snow,2024-11-20
Let it SNOW let it SNOW let it SNOW ‚ùÑÔ∏è‚ùÑÔ∏è‚ùÑÔ∏è,8,snow,2024-11-20
What are we thinking about SNOW,4,snow,2024-11-15
"You guys think NVDA gonna set the market? 

Also does SNOW always fall on earnings wtf? Seems like every earnings this year they've tanked",4,snow,2024-11-15
#$SNOW the way,4,snow,2024-11-20
"SNOW showing up NVDA, embarrassing ![img](emote|t5_2th52|31225)",3,snow,2024-11-20
"Got out of my MU calls which was smart.

Got out of my SNOW calls which was dumb.",4,snow,2024-11-20
Glad I fomod into snow 140c at 3:59pm ![img](emote|t5_2th52|4276),7,snow,2024-11-20
Who bought snow calls? 15x now! Thought about it but didn‚Äôt have enough money to risk! I am the loser,5,snow,2024-11-21
"damn I had target calls that blew up this morning and now I got panw and snow puts, at least panw will make a little back",3,snow,2024-11-20
"my put for this week: SNOW, my call: MDT",3,snow,2024-11-16
Snow puts. Too bullish in here. Can‚Äôt be wrong 3 times,6,snow,2024-11-20
Holy fuk SNOW LOL ![img](emote|t5_2th52|4267)![img](emote|t5_2th52|4271)![img](emote|t5_2th52|4276),2,snow,2024-11-20
I need a consensus on SNOW so I can inverse. Calls or puts?,3,snow,2024-11-18
I say puts SNOW just because I never use non google cloud storage in my day to day life,4,snow,2024-11-20
Thoughts on Snowflake? What are the chances for a stock price recovery?,1,snow,2024-11-17
PANW calls. SNOW puts,1,snow,2024-11-20
PANW PUTS. SNOW CALLS,2,snow,2024-11-20
the premiums for snow are nuts.,1,snow,2024-11-19
Snow calls ( dec 20th) 170. Thank rddt later,3,snow,2024-11-20
"Yeah, but their stock based compensation is out of control. $1.29B in the last 12 months. And they haven‚Äôt been able to support their nosebleed valuation with slowing growth. I think SNOW could trade sideways for a while before they grow into their valuation.",3,snow,2024-11-16
Hopefully the snow turns into a big juicy SNOWBALL and keeps getting bigger![img](emote|t5_2th52|4276),2,snow,2024-11-20
"SNOW calls is a bad idea, they have been trending down since the AT&T breach, Google trends, snowflake login",5,snow,2024-11-18
Snow lands on top!,1,snow,2024-11-21
"I got x11 90C 12/20 when calls price was at $0.40 My plan is to sell after earnings if it goes up decently. The problem with holding til December to see if it goes higher it‚Äôs the gains being burned by theta. Remember Walmart is not known for being volatile, when you see gains you sell and then start again with a farthest date, doing the snowball effect with the gains. 

If you‚Äôre taking long calls, you should sell when u see at least +100% gains and then roll position. I've been doing this since Walmart was at $50~ and it worked for me. 

You can always buy shares as hedge, Walmart is very promising and decent.",2,snow,2024-11-17
"im in SNOW, PANW, ZIM, TGT, and WSM",3,snow,2024-11-20
Will try to ride snow to grind some quick gains,2,snow,2024-11-21
this one will most likely hit for you. Ive been watching snow. Its due for a nice dump,0,snow,2024-11-20
"Damn! I sold all my snow (investment + gains) into nvdia, good amount in stocks. Don't know I have the energy to hustle in the morning anymore. Good luck to you, hope you make some gains.",2,snow,2024-11-21
SNOW party baby 200$ eow,1,snow,2024-11-20
"![img](emote|t5_2th52|4260)

Not sure if any more juice left in snow for this week. Long term, yes.",1,snow,2024-11-21
"Some implied moves for earnings next week( up or down degenerates) -136 companies reporting:

[$NVDA](https://x.com/search?q=%24NVDA&src=cashtag_click) 9.8%  
[$SNOW](https://x.com/search?q=%24SNOW&src=cashtag_click) 11.6%  
[$PANW](https://x.com/search?q=%24PANW&src=cashtag_click) 8.8%  
[$WMT](https://x.com/search?q=%24WMT&src=cashtag_click) 5.3%  
[$LOW](https://x.com/search?q=%24LOW&src=cashtag_click) 4.3%  
[$TGT](https://x.com/search?q=%24TGT&src=cashtag_click) 9.0%  
[$ESTC](https://x.com/search?q=%24ESTC&src=cashtag_click) 16.9%  
[$ROST](https://x.com/search?q=%24ROST&src=cashtag_click) 6.3%  
[$NTAP](https://x.com/search?q=%24NTAP&src=cashtag_click) 8.0%  
[$BIDU](https://x.com/search?q=%24BIDU&src=cashtag_click) 6.4%  
[$PDD](https://x.com/search?q=%24PDD&src=cashtag_click) 9.4%  
[$DE](https://x.com/search?q=%24DE&src=cashtag_click) 5.5%  
[$JACK](https://x.com/search?q=%24JACK&src=cashtag_click) 15.9%  
[$TJX](https://x.com/search?q=%24TJX&src=cashtag_click) 4.7%  
[$WIX](https://x.com/search?q=%24WIX&src=cashtag_click) 13.3%  
[$DY](https://x.com/search?q=%24DY&src=cashtag_click) 14.4%  
[$WSM](https://x.com/search?q=%24WSM&src=cashtag_click) 13.7%  
[$INTU](https://x.com/search?q=%24INTU&src=cashtag_click) 5.5%  
[$GAP](https://x.com/search?q=%24GAP&src=cashtag_click) 13.2%  
[$CPRT](https://x.com/search?q=%24CPRT&src=cashtag_click) 7.2%   
[$MDT](https://x.com/search?q=%24MDT&src=cashtag_click) 3.7%  
[$ZTO](https://x.com/search?q=%24ZTO&src=cashtag_click) 11.0%  
[$NIO](https://x.com/search?q=%24NIO&src=cashtag_click) 11.8%  
[$FUTU](https://x.com/search?q=%24FUTU&src=cashtag_click) 10.1%  
[$XPEV](https://x.com/search?q=%24XPEV&src=cashtag_click) 11.2%  
[$SCVL](https://x.com/search?q=%24SCVL&src=cashtag_click) 13.3%  
[$SYM](https://x.com/search?q=%24SYM&src=cashtag_click) 19.7%",82,sym,2024-11-17
"since I just did the work; you can copy paste this into a notepad file, save and import to tradingview watchlist for all the tickers in order of earnings:

NASDAQ:BTBT,NASDAQ:BTDR,NASDAQ:EH,NYSE:BRC,NASDAQ:TWST,NASDAQ:MOND,NASDAQ:CLRB,NASDAQ:SYM,NASDAQ:TCOM,NYSE:BRBR,NYSE:TUYA,NYSE:ACM,NASDAQ:ZENV,NASDAQ:IIIV,NASDAQ:NRXP,NYSE:WMT,NASDAQ:WKHS,NYSE:LOW,NYSE:XPEV,NYSE:MDT,NASDAQ:FUTU,NYSE:VIPS,NYSE:VIK,NASDAQ:ATAT,NYSE:MYTE,NASDAQ:POWL,NYSE:AZEK,NYSE:KEYS,NYSE:ZTO,NYSE:LZB,NYSE:KORE,NYSE:DLB,NYSE:DNMR,NASDAQ:SBLK,NASDAQ:QFIN,NYSE:NIO,NYSE:TGT,NYSE:ZIM,NYSE:TJX,NASDAQ:WIX,NYSE:DY,NYSE:WSM,NYSE:BERY,NASDAQ:GLBE,NYSE:RERE,NASDAQ:NVDA,NYSE:SNOW,NASDAQ:PANW,NASDAQ:JACK,NYSE:CPA,NYSE:SQM,NYSE:MMS,NYSE:CCIF,NASDAQ:ESEA,NYSE:BBAR,NASDAQ:BIDU,NASDAQ:PDD,NYSE:DE,NYSE:BJ,NYSE:VSTS,NASDAQ:WMG,NYSE:BEKE,NASDAQ:IQ,NASDAQ:NNOX,NASDAQ:SCVL,NASDAQ:INTU,NYSE:ESTC,NYSE:GAP,NASDAQ:ROST,NASDAQ:NTAP,NASDAQ:CPRT,NYSE:UGI,NASDAQ:MATW,NYSE:NGVC,NASDAQ:LGTY,NYSE:GB,NASDAQ:ADXN

  
[https://www.tradingview.com/support/solutions/43000487233-how-to-import-or-export-watchlist/](https://www.tradingview.com/support/solutions/43000487233-how-to-import-or-export-watchlist/)

  
I know... I know.... only NVDA matters ![img](emote|t5_2th52|4260)",67,sym,2024-11-15
"**Summary for Weekly Earnings Thread 11/18 - 11/22**

1Ô∏è‚É£ **Market Vibe Check**: üìâ The sentiment is mixed but leaning bearish ahead of major earnings reports next week, with traders on edge about NVDA's upcoming release setting the tone for tech. Concerns over inflation and macroeconomic indicators are also adding to caution.

2Ô∏è‚É£ **Top Stock Plays**: 
- **[$NVDA](https://x.com/search?q=%24NVDA&src=cashtag_click)**: üé¢ High anticipation; expecting volatility. If they beat, bulls could charge, but a miss could send shockwaves.
- **[$WMT](https://x.com/search?q=%24WMT&src=cashtag_click)**: üéØ Calls are popular; traders are banking on holiday sales driving a 90 strike jump post-earnings. Watch for consumer sentiment.
- **[$SNOW](https://x.com/search?q=%24SNOW&src=cashtag_click)**: ‚ùÑÔ∏è Mixed feelings; historically volatile post-earnings. Expecting a possible bounce but high risk due to recent downgrades.
- **[$PANW](https://x.com/search?q=%24PANW&src=cashtag_click)**: üîí Buzz around calls; history shows the stock dips post-earnings despite beating.

3Ô∏è‚É£ **Rising Stars**: 
- **[$SYM](https://x.com/search?q=%24SYM&src=cashtag_click)**: üöÄ Surging mentions; potential breakout play, currently gaining momentum.
- **[$ZTO](https://x.com/search?q=%24ZTO&src=cashtag_click)**: üì¶ Increasing chatter as interest builds; traders looking for a dip buy opportunity based on earnings.

4Ô∏è‚É£ **Hidden Gems**: 
- **[$JACK](https://x.com/search?q=%24JACK&src=cashtag_click)**: üçî Strong positive vibes from recent earnings; could attract more attention post-earnings.
- **[$GAP](https://x.com/search?q=%24GAP&src=cashtag_click)**: üëñ Possible recovery play; analysts hint at potential upside after recent underperformance.

5Ô∏è‚É£ **Forecast & Actionable Insights**: 
- **$NVDA**: ‚ö†Ô∏è If you're risking it, consider a straddle to capitalize on expected volatility; timing is key. Maybe grab puts if you're bearish.
- **$WMT**: üí° Lock in some profits from calls pre-earnings; market seems to expect a pop, but be prepared for a sell-off.
- **$SNOW**: ‚òÉÔ∏è Short puts might be a way to capitalize on a rebound if the market gives it a bump after earnings.
- **Diversify**: üå™Ô∏è Keep an eye on correlated tech stocks like $MU for hedging NVDA plays to manage risk better.

[View Discussion](https://i.redd.it/81m4ue5uy21e1.jpeg)",180,sym,2024-11-18
 SYM up üí™,11,sym,2024-11-18
"SYM 18% shorted, 49% short volume. low float. up 30% AH‚Ä¶ can we?",10,sym,2024-11-18
"WMT beats, SYM hitting 45 tomorrow opening",9,sym,2024-11-19
SYM calls anyone?,6,sym,2024-11-15
SYM dumped last earnings. Gotta go up now right,8,sym,2024-11-18
"Thank you SYM. Thank you, let‚Äôs see 25 to 30% by tomorrow opening and I can sleep well",6,sym,2024-11-18
SYM up 30% on earnings,6,sym,2024-11-19
SYM,4,sym,2024-11-19
Well should I throw $1k at SYM,6,sym,2024-11-18
If you want to get your comments through don‚Äôt add a ticker symbol,3,sym,2024-11-20
how is SYM up to much after missing,1,sym,2024-11-19
AMZN having a poopie day cause of TEMU sympathy?,1,sym,2024-11-21
"genuine newbie question... can someone tell me why SYM went up 25% but the value of my call option didnt go up at all? 

is it cuz i picked too high of a strike price?",-6,sym,2024-11-19
SYM puts,-6,sym,2024-11-18
20% on sym holy shite,8,sym,2024-11-17
how is SYM rallying after missing,1,sym,2024-11-19
SYM breaking 40 tmrw,4,sym,2024-11-18
Sym needs to break 40 again,1,sym,2024-11-19
I'm long SYM. Looks good to me at the moment going into close. Do you though!,2,sym,2024-11-18
"Some implied moves for earnings next week( up or down degenerates) -136 companies reporting:

[$NVDA](https://x.com/search?q=%24NVDA&src=cashtag_click) 9.8%  
[$SNOW](https://x.com/search?q=%24SNOW&src=cashtag_click) 11.6%  
[$PANW](https://x.com/search?q=%24PANW&src=cashtag_click) 8.8%  
[$WMT](https://x.com/search?q=%24WMT&src=cashtag_click) 5.3%  
[$LOW](https://x.com/search?q=%24LOW&src=cashtag_click) 4.3%  
[$TGT](https://x.com/search?q=%24TGT&src=cashtag_click) 9.0%  
[$ESTC](https://x.com/search?q=%24ESTC&src=cashtag_click) 16.9%  
[$ROST](https://x.com/search?q=%24ROST&src=cashtag_click) 6.3%  
[$NTAP](https://x.com/search?q=%24NTAP&src=cashtag_click) 8.0%  
[$BIDU](https://x.com/search?q=%24BIDU&src=cashtag_click) 6.4%  
[$PDD](https://x.com/search?q=%24PDD&src=cashtag_click) 9.4%  
[$DE](https://x.com/search?q=%24DE&src=cashtag_click) 5.5%  
[$JACK](https://x.com/search?q=%24JACK&src=cashtag_click) 15.9%  
[$TJX](https://x.com/search?q=%24TJX&src=cashtag_click) 4.7%  
[$WIX](https://x.com/search?q=%24WIX&src=cashtag_click) 13.3%  
[$DY](https://x.com/search?q=%24DY&src=cashtag_click) 14.4%  
[$WSM](https://x.com/search?q=%24WSM&src=cashtag_click) 13.7%  
[$INTU](https://x.com/search?q=%24INTU&src=cashtag_click) 5.5%  
[$GAP](https://x.com/search?q=%24GAP&src=cashtag_click) 13.2%  
[$CPRT](https://x.com/search?q=%24CPRT&src=cashtag_click) 7.2%   
[$MDT](https://x.com/search?q=%24MDT&src=cashtag_click) 3.7%  
[$ZTO](https://x.com/search?q=%24ZTO&src=cashtag_click) 11.0%  
[$NIO](https://x.com/search?q=%24NIO&src=cashtag_click) 11.8%  
[$FUTU](https://x.com/search?q=%24FUTU&src=cashtag_click) 10.1%  
[$XPEV](https://x.com/search?q=%24XPEV&src=cashtag_click) 11.2%  
[$SCVL](https://x.com/search?q=%24SCVL&src=cashtag_click) 13.3%  
[$SYM](https://x.com/search?q=%24SYM&src=cashtag_click) 19.7%",82,tgt,2024-11-17
"since I just did the work; you can copy paste this into a notepad file, save and import to tradingview watchlist for all the tickers in order of earnings:

NASDAQ:BTBT,NASDAQ:BTDR,NASDAQ:EH,NYSE:BRC,NASDAQ:TWST,NASDAQ:MOND,NASDAQ:CLRB,NASDAQ:SYM,NASDAQ:TCOM,NYSE:BRBR,NYSE:TUYA,NYSE:ACM,NASDAQ:ZENV,NASDAQ:IIIV,NASDAQ:NRXP,NYSE:WMT,NASDAQ:WKHS,NYSE:LOW,NYSE:XPEV,NYSE:MDT,NASDAQ:FUTU,NYSE:VIPS,NYSE:VIK,NASDAQ:ATAT,NYSE:MYTE,NASDAQ:POWL,NYSE:AZEK,NYSE:KEYS,NYSE:ZTO,NYSE:LZB,NYSE:KORE,NYSE:DLB,NYSE:DNMR,NASDAQ:SBLK,NASDAQ:QFIN,NYSE:NIO,NYSE:TGT,NYSE:ZIM,NYSE:TJX,NASDAQ:WIX,NYSE:DY,NYSE:WSM,NYSE:BERY,NASDAQ:GLBE,NYSE:RERE,NASDAQ:NVDA,NYSE:SNOW,NASDAQ:PANW,NASDAQ:JACK,NYSE:CPA,NYSE:SQM,NYSE:MMS,NYSE:CCIF,NASDAQ:ESEA,NYSE:BBAR,NASDAQ:BIDU,NASDAQ:PDD,NYSE:DE,NYSE:BJ,NYSE:VSTS,NASDAQ:WMG,NYSE:BEKE,NASDAQ:IQ,NASDAQ:NNOX,NASDAQ:SCVL,NASDAQ:INTU,NYSE:ESTC,NYSE:GAP,NASDAQ:ROST,NASDAQ:NTAP,NASDAQ:CPRT,NYSE:UGI,NASDAQ:MATW,NYSE:NGVC,NASDAQ:LGTY,NYSE:GB,NASDAQ:ADXN

  
[https://www.tradingview.com/support/solutions/43000487233-how-to-import-or-export-watchlist/](https://www.tradingview.com/support/solutions/43000487233-how-to-import-or-export-watchlist/)

  
I know... I know.... only NVDA matters ![img](emote|t5_2th52|4260)",69,tgt,2024-11-15
"WMT calls, if WMT ends up beating, then TGT puts for later in the week as WMT is eating TGT's lunch in this inflationary environment.",18,tgt,2024-11-18
TGT calls but selling before ER.,7,tgt,2024-11-15
Who can afford to shop at TGT?,6,tgt,2024-11-20
Who bought those 40x tgt puts,7,tgt,2024-11-21
Tgt anyone?,6,tgt,2024-11-15
Hey tgt![img](emote|t5_2th52|4267),4,tgt,2024-11-21
TGT to 170+,7,tgt,2024-11-19
TGT ‚ù§Ô∏è,7,tgt,2024-11-19
3.5k into tgt shares,6,tgt,2024-11-19
Went in on TGT calls last minute because I‚Äôm a degenerate gambler. Looking forward to getting fucked come tomorrow morning ![img](emote|t5_2th52|52627),3,tgt,2024-11-19
Feel like a dumbass not selling tgt this morning,3,tgt,2024-11-21
TGT listed 9%  Actual 22%,1,tgt,2024-11-21
"I bought a couple puts just to feel like I'm attending the party. if TGT is losing grip on the 'broke middle class' market because they're all shopping at Walmart, I think GAP will lose them too. All three stores sell somewhat comparable clothing...",2,tgt,2024-11-21
I‚Äôm at a loss on my calls somehow. I‚Äôm hoping tgt beats earnings tom and drives walmart up,2,tgt,2024-11-19
"im in SNOW, PANW, ZIM, TGT, and WSM",3,tgt,2024-11-20
TGT is going to drop when people inevitably realize that WMT ate their business,-1,tgt,2024-11-19
"I picked jan 17 calls for TGT too, so if we both picked it, -30% at open tomorrow.",4,tgt,2024-11-19
Just bought gap on the dip. Drop was just a reaction to TGT crapping the bed.,3,tgt,2024-11-20
probably depends on tgt earnings tmrw but that would be crazy to see,1,tgt,2024-11-19
"I played some WMT 90c calendars, short 90c this week and long 90c for next week. risk is lower then buying calls outright. I think likely if WMT beats, that it will move above 90 temporarily then fall back down a bit.

If not, whatever. I plan to buy tgt puts if WMT beats",2,tgt,2024-11-18
Where you think TGT goes? 170+?,1,tgt,2024-11-15
Looks like TGT not WMT was the play,1,tgt,2024-11-20
I agree still quite a gamble everyone was confident on tgt calls before hand,1,tgt,2024-11-21
I got 12/6 TGT 170 Calls,2,tgt,2024-11-19
"My only issue with TGT is the IV is double that of WMT and the big play isn't really there. Not all of WMT's groceries come from the US and as to what degree it's really hard to even know. I know they say 2/3 of all their groceries are from the US but WMT is notorious for lying to promote their image. I don't think they are going to have a bad earnings and I think they will beat across the board. 

What I'm looking for here is a revised future earnings to the downside in anticipation of the tariff war and turbulence of the uncertainty the new cabinet nominations bring to the US and her trading partners. With the mood of the current market a weaker future earnings guidance could be all it takes. Shaving 5%-10% off the stock's price would still put it up 50% on the year.",4,tgt,2024-11-16
"yeah, probably because walmart took target's lunch.

puts on tgt",-1,tgt,2024-11-19
"Bud I've doubled my port in a month.

So everything I said in the other comment is true, except you weren't even sure about the play. ![img](emote|t5_2th52|31224)

And got so worked up because I hit the nail on the head

And why the fuck is TGT in the conversation now ![img](emote|t5_2th52|4271)

We both knew TGT was going to dump

Post your positions

God damn I hurt you by simply pointing out WMT 90c was a bad play

""Bu.. bu... I knew TGT was going to dump ![img](emote|t5_2th52|12787)""

TGT dumping only proves what I said about a consumer stock like this only hitting 20% change when it's down

Who cares, dude. And who cares you made a bad play on WMT

You need to take emotion out of trading immediately and simply learn from your mistakes rather than get all weird and defensive",1,tgt,2024-11-20
TGT is a core Becky Index stock. Never bet against Becky.,5,tgt,2024-11-19
"52 and I‚Äôll be happy, had 1k target, zim, and azek calls lol so gotta have 1 of em cancel out tgt üòÇ",1,tgt,2024-11-20
"Some implied moves for earnings next week( up or down degenerates) -136 companies reporting:

[$NVDA](https://x.com/search?q=%24NVDA&src=cashtag_click) 9.8%  
[$SNOW](https://x.com/search?q=%24SNOW&src=cashtag_click) 11.6%  
[$PANW](https://x.com/search?q=%24PANW&src=cashtag_click) 8.8%  
[$WMT](https://x.com/search?q=%24WMT&src=cashtag_click) 5.3%  
[$LOW](https://x.com/search?q=%24LOW&src=cashtag_click) 4.3%  
[$TGT](https://x.com/search?q=%24TGT&src=cashtag_click) 9.0%  
[$ESTC](https://x.com/search?q=%24ESTC&src=cashtag_click) 16.9%  
[$ROST](https://x.com/search?q=%24ROST&src=cashtag_click) 6.3%  
[$NTAP](https://x.com/search?q=%24NTAP&src=cashtag_click) 8.0%  
[$BIDU](https://x.com/search?q=%24BIDU&src=cashtag_click) 6.4%  
[$PDD](https://x.com/search?q=%24PDD&src=cashtag_click) 9.4%  
[$DE](https://x.com/search?q=%24DE&src=cashtag_click) 5.5%  
[$JACK](https://x.com/search?q=%24JACK&src=cashtag_click) 15.9%  
[$TJX](https://x.com/search?q=%24TJX&src=cashtag_click) 4.7%  
[$WIX](https://x.com/search?q=%24WIX&src=cashtag_click) 13.3%  
[$DY](https://x.com/search?q=%24DY&src=cashtag_click) 14.4%  
[$WSM](https://x.com/search?q=%24WSM&src=cashtag_click) 13.7%  
[$INTU](https://x.com/search?q=%24INTU&src=cashtag_click) 5.5%  
[$GAP](https://x.com/search?q=%24GAP&src=cashtag_click) 13.2%  
[$CPRT](https://x.com/search?q=%24CPRT&src=cashtag_click) 7.2%   
[$MDT](https://x.com/search?q=%24MDT&src=cashtag_click) 3.7%  
[$ZTO](https://x.com/search?q=%24ZTO&src=cashtag_click) 11.0%  
[$NIO](https://x.com/search?q=%24NIO&src=cashtag_click) 11.8%  
[$FUTU](https://x.com/search?q=%24FUTU&src=cashtag_click) 10.1%  
[$XPEV](https://x.com/search?q=%24XPEV&src=cashtag_click) 11.2%  
[$SCVL](https://x.com/search?q=%24SCVL&src=cashtag_click) 13.3%  
[$SYM](https://x.com/search?q=%24SYM&src=cashtag_click) 19.7%",82,wmt,2024-11-17
"since I just did the work; you can copy paste this into a notepad file, save and import to tradingview watchlist for all the tickers in order of earnings:

NASDAQ:BTBT,NASDAQ:BTDR,NASDAQ:EH,NYSE:BRC,NASDAQ:TWST,NASDAQ:MOND,NASDAQ:CLRB,NASDAQ:SYM,NASDAQ:TCOM,NYSE:BRBR,NYSE:TUYA,NYSE:ACM,NASDAQ:ZENV,NASDAQ:IIIV,NASDAQ:NRXP,NYSE:WMT,NASDAQ:WKHS,NYSE:LOW,NYSE:XPEV,NYSE:MDT,NASDAQ:FUTU,NYSE:VIPS,NYSE:VIK,NASDAQ:ATAT,NYSE:MYTE,NASDAQ:POWL,NYSE:AZEK,NYSE:KEYS,NYSE:ZTO,NYSE:LZB,NYSE:KORE,NYSE:DLB,NYSE:DNMR,NASDAQ:SBLK,NASDAQ:QFIN,NYSE:NIO,NYSE:TGT,NYSE:ZIM,NYSE:TJX,NASDAQ:WIX,NYSE:DY,NYSE:WSM,NYSE:BERY,NASDAQ:GLBE,NYSE:RERE,NASDAQ:NVDA,NYSE:SNOW,NASDAQ:PANW,NASDAQ:JACK,NYSE:CPA,NYSE:SQM,NYSE:MMS,NYSE:CCIF,NASDAQ:ESEA,NYSE:BBAR,NASDAQ:BIDU,NASDAQ:PDD,NYSE:DE,NYSE:BJ,NYSE:VSTS,NASDAQ:WMG,NYSE:BEKE,NASDAQ:IQ,NASDAQ:NNOX,NASDAQ:SCVL,NASDAQ:INTU,NYSE:ESTC,NYSE:GAP,NASDAQ:ROST,NASDAQ:NTAP,NASDAQ:CPRT,NYSE:UGI,NASDAQ:MATW,NYSE:NGVC,NASDAQ:LGTY,NYSE:GB,NASDAQ:ADXN

  
[https://www.tradingview.com/support/solutions/43000487233-how-to-import-or-export-watchlist/](https://www.tradingview.com/support/solutions/43000487233-how-to-import-or-export-watchlist/)

  
I know... I know.... only NVDA matters ![img](emote|t5_2th52|4260)",65,wmt,2024-11-15
"**Summary for Weekly Earnings Thread 11/18 - 11/22**

1Ô∏è‚É£ **Market Vibe Check**: üìâ The sentiment is mixed but leaning bearish ahead of major earnings reports next week, with traders on edge about NVDA's upcoming release setting the tone for tech. Concerns over inflation and macroeconomic indicators are also adding to caution.

2Ô∏è‚É£ **Top Stock Plays**: 
- **[$NVDA](https://x.com/search?q=%24NVDA&src=cashtag_click)**: üé¢ High anticipation; expecting volatility. If they beat, bulls could charge, but a miss could send shockwaves.
- **[$WMT](https://x.com/search?q=%24WMT&src=cashtag_click)**: üéØ Calls are popular; traders are banking on holiday sales driving a 90 strike jump post-earnings. Watch for consumer sentiment.
- **[$SNOW](https://x.com/search?q=%24SNOW&src=cashtag_click)**: ‚ùÑÔ∏è Mixed feelings; historically volatile post-earnings. Expecting a possible bounce but high risk due to recent downgrades.
- **[$PANW](https://x.com/search?q=%24PANW&src=cashtag_click)**: üîí Buzz around calls; history shows the stock dips post-earnings despite beating.

3Ô∏è‚É£ **Rising Stars**: 
- **[$SYM](https://x.com/search?q=%24SYM&src=cashtag_click)**: üöÄ Surging mentions; potential breakout play, currently gaining momentum.
- **[$ZTO](https://x.com/search?q=%24ZTO&src=cashtag_click)**: üì¶ Increasing chatter as interest builds; traders looking for a dip buy opportunity based on earnings.

4Ô∏è‚É£ **Hidden Gems**: 
- **[$JACK](https://x.com/search?q=%24JACK&src=cashtag_click)**: üçî Strong positive vibes from recent earnings; could attract more attention post-earnings.
- **[$GAP](https://x.com/search?q=%24GAP&src=cashtag_click)**: üëñ Possible recovery play; analysts hint at potential upside after recent underperformance.

5Ô∏è‚É£ **Forecast & Actionable Insights**: 
- **$NVDA**: ‚ö†Ô∏è If you're risking it, consider a straddle to capitalize on expected volatility; timing is key. Maybe grab puts if you're bearish.
- **$WMT**: üí° Lock in some profits from calls pre-earnings; market seems to expect a pop, but be prepared for a sell-off.
- **$SNOW**: ‚òÉÔ∏è Short puts might be a way to capitalize on a rebound if the market gives it a bump after earnings.
- **Diversify**: üå™Ô∏è Keep an eye on correlated tech stocks like $MU for hedging NVDA plays to manage risk better.

[View Discussion](https://i.redd.it/81m4ue5uy21e1.jpeg)",178,wmt,2024-11-18
WMT $90![img](emote|t5_2th52|4258),37,wmt,2024-11-15
People in here talking about WMT calls. You know what that means ![img](emote|t5_2th52|12787),33,wmt,2024-11-15
"Decided to inverse everyone here and went with WMT puts. Not looking good so far after hours, but earnings doesn‚Äôt come out till tomorrow morning. If WMT skyrockets after earnings despite already being up 62% YTD, then it was all because of me so you‚Äôre welcome.",25,wmt,2024-11-19
nice 25k gain on wmt ![img](emote|t5_2th52|8883),26,wmt,2024-11-19
WMT üöÄüöÄüöÄ,18,wmt,2024-11-19
WMT $90 CALL 1/17/25,17,wmt,2024-11-15
"WMT calls, if WMT ends up beating, then TGT puts for later in the week as WMT is eating TGT's lunch in this inflationary environment.",17,wmt,2024-11-18
WMT to the mooooon,18,wmt,2024-11-19
140 100C for WMT I've been holding for 2-3 Months. Mar '25 Exp. Please continue to fly!,14,wmt,2024-11-15
"$WMT

Revenue Estimate: 167.69 Bn ‚Ä¶ Actual: 169.6 Bn ‚Ä¶
***BEAT***

EPS Estimate: 0.53 ‚Ä¶ Actual: 0.58 ‚Ä¶ 
***BEAT***


$MDT

Revenue Estimate: 8.27 Bn ‚Ä¶ Actual: 8.40 Bn ‚Ä¶ 
***BEAT***

EPS Estimate: 1.25 ‚Ä¶. Actual: 1.26 ‚Ä¶ 
***BEAT***

w/ Raise in guidance",13,wmt,2024-11-19
"Welp, WMT beat. Hallelujah",13,wmt,2024-11-19
Picked up 10 WMT 88c 11/29.  Still have ‚âà400 for something else,12,wmt,2024-11-15
WMT calls at the end of the day for me,13,wmt,2024-11-18
so is WMT worth it?,10,wmt,2024-11-15
All this wmt 90 call talk making me think I should sell mine now and take my 7% ![img](emote|t5_2th52|4640),16,wmt,2024-11-15
!banbet WMT 90 1w,8,wmt,2024-11-15
"I‚Äôm all in on WMT, I‚Äôm putting my last $800 on the line. Let‚Äôs hope it goes up, 2 $85 calls 11/22 and 1 $87.5 call 3/21/25",8,wmt,2024-11-15
I bought 250 shares of WMT at $84.26 today.  How should I be feeling right now?,8,wmt,2024-11-18
"WMT beats, SYM hitting 45 tomorrow opening",7,wmt,2024-11-19
"WMT calls. 

NVDA straddle, but I think puts are the play. They'd need some of the most insane numbers to break $150",15,wmt,2024-11-15
What time does the WMT earnings report come out?,7,wmt,2024-11-18
"lol -800 on WMT. I inverse WSB and still get fucked. 62% up YTD? Nah let‚Äôs go for 100% up, that‚Äôs definitely healthy.",6,wmt,2024-11-19
"Not really good at reading stocks but i‚Äôm learning , is it a good sign that WMT is going up a lot in the after market ?",5,wmt,2024-11-19
"Okay so WMT calls, SNOW calls",11,wmt,2024-11-18
Sold my 36 86 dollar strike wmt calls for a 30% gain or 2200 dollars at open. After seeing that drop premarket I was like nope get me outta here,10,wmt,2024-11-19
"$WMT 90c 11/29 
Safe pick?",6,wmt,2024-11-16
"Even when I was right with the direction, somehow I chose the worst performers. GOOG, AMZN, WMT, NVMI, I'm looking at you.",6,wmt,2024-11-21
Got 4x WMT 90C 12/20 ![img](emote|t5_2th52|8883),4,wmt,2024-11-15
WMT slippin,5,wmt,2024-11-19
"Apparently I missed the today's peak for WMT, my Dec'20 90C are down -15%. AGAIN. God knows when they are profitable again.",6,wmt,2024-11-19
are wmt 90c too out of the money? should i sell out of it üôè,5,wmt,2024-11-18
WMT it is since it was the only one with amazing news and the stock market actually rewarded it justly.,3,wmt,2024-11-21
WMT puts. Can‚Äôt be wrong twice,7,wmt,2024-11-19
"Those of you who thought your WMT 90c would print first thing this morning is an example of playing a department/consumer sector stock like a tech stock. 

No one gives a fuck about dep/consumer right now unless it's costco

Did you really think it was going to jump 10-20%?

The only thing causing a 10-20% change in a stock like this is a miss sending it down in the dumps",6,wmt,2024-11-19
WMT 90C 11/22-11/29 calendar spread at .14 and 100C 12/20 - 01/17/25 at .23,2,wmt,2024-11-15
Got WMT 86c and LOW 262.5p. Should I hold or sell,2,wmt,2024-11-19
Should i sell wmt now ?,2,wmt,2024-11-19
WMT $100 EOW,3,wmt,2024-11-19
My WMT 90C 22/11 are probably cooked. -40% already. Thinking to roll out further (17/1/2025). Should've done this instead of buying cheap FDs,2,wmt,2024-11-15
"Everytime I go into an option now I just lose. I went puts and calls on wmt and the same thing happens I just lose, it‚Äôs like the market knows my moves",1,wmt,2024-11-19
"WMT puts, trust me they gonna take 83c otm soon",-5,wmt,2024-11-18
"Thanks for the pic re: earnings thread. Not sure what's going to happen with NVDA because semi's have rolled over of late. Could go either way, but I wouldn't bet against Jenson. I'll be looking at TCOM, WMT, VIK, INTU only because tech has been pulling back. Do you have any faves?",2,wmt,2024-11-15
Just scooped it up. 25 WMT 90c 1/17/25.  ![img](emote|t5_2th52|12787),17,wmt,2024-11-15
Consumer spending data up the whole quarter bigly.  WMT calls printing.  ![img](emote|t5_2th52|4271),16,wmt,2024-11-16
WMT missing means lower income hh are broke. That‚Äôs your true market indicator,3,wmt,2024-11-17
WMT CMP@83.96. We shall see.,1,wmt,2024-11-18
WMT CMP@83.96. We shall see.,2,wmt,2024-11-18
We shall see. Have long strangle on WMT@C90 and P80. Might be a little bit too much out of money and IV crush will kill my position. People who have more capital are able to get positions closer to ITM.,3,wmt,2024-11-18
WMT 90C,2,wmt,2024-11-18
What strike and expiry WMT calls are you going for?,1,wmt,2024-11-16
11 million illegals will be deported. Most of have stopped shopping at WMT to save their money.,4,wmt,2024-11-17
If you bought C90 then what is your price prediction for WMT post earnings?,1,wmt,2024-11-17
"$WMT bears may need to lube it up. 

Update: I am also a $WMT bear without lube. Minor holdings, but puts nonetheless 

https://preview.redd.it/5xbqzgc32t1e1.png?width=962&format=png&auto=webp&s=7b2cef94346e00cd128aa68eead3262defeb2a3f",1,wmt,2024-11-19
"**Ban Bet Created:** **/u/jamrem** bet **WMT** goes from **84.54** to **90.0** before **22-Nov-2024 10:48 AM EST**

Their record is 0 wins and 0 losses.

[**Join WSB Discord**](http://discord.gg/wsbverse)",7,wmt,2024-11-15
"Comfortable just hold shares, WMT been a growth company since it started.",6,wmt,2024-11-19
"WMT calls, make a few million, let it ride into target calls, retire",11,wmt,2024-11-15
what you think wmt going to,1,wmt,2024-11-15
sorry i bought WMT,13,wmt,2024-11-18
"WMT, shaking out the paper hands before earnings.",4,wmt,2024-11-18
WMT $90 CALLs 1/17/2025.,11,wmt,2024-11-18
"Also holding on to December and January AFRM, DAL and WMT calls which are holding me green too.",3,wmt,2024-11-15
"I mean, it's only up 60% so far this year and another 10% would be pretty crazy for a stock that never moved like that before. Not even a year since the 3:1 split and it's pretty much halfway back to the pre split price.

I think the realization of how dumb the next four years are going to be started to sink in before the weekend and tariffs are going to absolutely crush WMT's profit since they rely on cheaply made foreign goods. The US does not have the manufacturing capability to produce these goods and even if we did it would be much more expensive and it would be a couple of years before they could even get those items off an assembly line.

I could be incredibly wrong but I'm willing to pick up a few 11/22 $78 puts to see.

Almost have the feeling like it's May 2022 again. WMT was trading at $148 ish before reporting and $135 puts were $35 and $130 were $17 a contract. By the end of the week WMT was at $120.",7,wmt,2024-11-16
I still haven't sold my WMT 90 calls. you think it can reach 90 by Jan?,2,wmt,2024-11-21
"Yeah, I'm on WMT calls as well. Cheerio.",2,wmt,2024-11-16
Yeah I think I'll buy some wmt calls on Monday.,1,wmt,2024-11-16
TGT is going to drop when people inevitably realize that WMT ate their business,-1,wmt,2024-11-19
"not everyone played it relying on a 10-20% jump.

also, you're a fucking moron, 90c wasn't even a 10% jump from the closing price yesterday. if WMT jumped 10%, the calls would've 3x at a minimum, maybe more.",3,wmt,2024-11-19
"I've been filing my taxes with turbo tax the past 10 years and monitoring my credit scores with credit karma for almost as long. And tax season is coming up

That said, who knows what the future administration will bring as far as the necessity of tax preparation is concerned and I didn't feel the risk is worth the reward (I can't see it moving more than 5%)

So I'm sitting it out

But turbo tax and credit karma are powerhouses so I could be wrong on the movement. I just feel eyes are on different sectors at the moment so it would probably be more of a WMT thing unless it's a miss/dump",2,wmt,2024-11-19
"**Ban Bet Created:** **/u/Smooth_Comparison_32** bet **WMT** goes from **84.42** to **90.0** before **19-Nov-2024 08:42 PM EST**

Their record is 0 wins and 1 losses.

[**Join WSB Discord**](http://discord.gg/wsbverse)",2,wmt,2024-11-17
wish i got calls at open instead of playing WMT,1,wmt,2024-11-18
"**Ban Bet Created:** **/u/Foreign_Location_636** bet **WMT** goes from **85.42** to **90.0** before **25-Nov-2024 09:48 PM EST**

Their record is 0 wins and 0 losses.

[**Join WSB Discord**](http://discord.gg/wsbverse)",1,wmt,2024-11-19
You already have a bet going - WMT to 87.8644 before 22-Nov-2024 04:02 PM -05,6,wmt,2024-11-18
"I played some WMT 90c calendars, short 90c this week and long 90c for next week. risk is lower then buying calls outright. I think likely if WMT beats, that it will move above 90 temporarily then fall back down a bit.

If not, whatever. I plan to buy tgt puts if WMT beats",2,wmt,2024-11-18
"Implied movement was only in the 3-4% range, so it makes sense, WMT has never been a highly volatile stock to begin with",5,wmt,2024-11-19
">Most of have stopped shopping at WMT to save their money.

And what, started shopping at Trader Joes? ![img](emote|t5_2th52|4271)

Why do you think they were shopping at Walmart to begin with, regard",15,wmt,2024-11-17
Looks like TGT not WMT was the play,1,wmt,2024-11-20
"WMT $90 CALLs 1/17/2025.
!RemindMe 1 day",6,wmt,2024-11-18
Think WMT will beat earnings?,1,wmt,2024-11-15
"Did you look at wmt ER?

Massive beat and raise coming.",5,wmt,2024-11-19
"Did it jump 10%? Was my whole point that it wasn't going to jump 10%? Did you already say that you ""weren't relying on a 10% jump ![img](emote|t5_2th52|18630)""?

Have you basically just admitted that you have 90c, acted like you weren't expecting a 10% jump, while showing that you actually were by saying, ""90c wasn't even a 10% jump from the closing price yesterday. if WMT jumped 10%, the calls would've 3x at a minimum, maybe more."" (even though my point was that it wouldn't jump 10% putting your 90c ITM), and then called me the moron? ![img](emote|t5_2th52|4271)

![img](emote|t5_2th52|31224)",0,wmt,2024-11-19
Prolly sell LOW p at open. Shouldn‚Äôt i hold WMT tho?,1,wmt,2024-11-19
Shut up biiiitch I‚Äôm on 11/29 90C $WMT,-6,wmt,2024-11-19
"My only issue with TGT is the IV is double that of WMT and the big play isn't really there. Not all of WMT's groceries come from the US and as to what degree it's really hard to even know. I know they say 2/3 of all their groceries are from the US but WMT is notorious for lying to promote their image. I don't think they are going to have a bad earnings and I think they will beat across the board. 

What I'm looking for here is a revised future earnings to the downside in anticipation of the tariff war and turbulence of the uncertainty the new cabinet nominations bring to the US and her trading partners. With the mood of the current market a weaker future earnings guidance could be all it takes. Shaving 5%-10% off the stock's price would still put it up 50% on the year.",4,wmt,2024-11-16
"when SPY dumps like this ppl get scared, i wouldn‚Äôt want to be holding calls when people are panicking 

also outside of eps WMT numbers weren‚Äôt great so i personally don‚Äôt have too much confidence in it going higher",0,wmt,2024-11-19
I just got WMT for tomorrow. Fingers crossed they bullshit their forward guidance amazingly,2,wmt,2024-11-18
"I explained the mental gymnastics in the other comment, regard

>Did it jump 10%? Was my whole point that it wasn't going to jump 10%? Did you already say that you ""weren't relying on a 10% jump !""? ![img](emote|t5_2th52|18630)

>Have you basically just admitted that you have 90c, acted like you weren't expecting a 10% jump, while showing that you actually were by saying, ""90c wasn't even a 10% jump from the closing price yesterday. if WMT jumped 10%, the calls would've 3x at a minimum, maybe more."" (even though my point was that it wouldn't jump 10% putting your 90c ITM), and then called me the moron? ![img](emote|t5_2th52|4271)",1,wmt,2024-11-20
"Bud I've doubled my port in a month.

So everything I said in the other comment is true, except you weren't even sure about the play. ![img](emote|t5_2th52|31224)

And got so worked up because I hit the nail on the head

And why the fuck is TGT in the conversation now ![img](emote|t5_2th52|4271)

We both knew TGT was going to dump

Post your positions

God damn I hurt you by simply pointing out WMT 90c was a bad play

""Bu.. bu... I knew TGT was going to dump ![img](emote|t5_2th52|12787)""

TGT dumping only proves what I said about a consumer stock like this only hitting 20% change when it's down

Who cares, dude. And who cares you made a bad play on WMT

You need to take emotion out of trading immediately and simply learn from your mistakes rather than get all weird and defensive",1,wmt,2024-11-20
Well said. Let‚Äôs hope that WMT can hold til open so i can take some profits.,1,wmt,2024-11-19
Not CPI so much as the monthly retail sales report. October sales were up 0.4% for the month and 2.6% over the prior year. And with the economy for lower end consumers being a bit down it will drive more sales to WMT.,2,wmt,2024-11-19
"Who said I lost money on WMT, kiddo",1,wmt,2024-11-19
"Would you look at that, WMT is printing for all the shitheads that downvoted.",1,wmt,2024-11-22
