Headline,Date,Company
"These Stocks Moved the Most Today: Nvidia, Alphabet, Super Micro, Snowflake, Deere, MicroStrategy, PDD, and More",2024-11-21 18:44:35,Snowflake_SNOW_Headlines
"MongoDB, Other Data Software Stocks Rally On Strong Snowflake Results",2024-11-21 18:44:35,Snowflake_SNOW_Headlines
Why Are Snowflake (SNOW) Shares Soaring Today,2024-11-21 18:44:35,Snowflake_SNOW_Headlines
Here's Why Snowflake Stock Skyrocketed Today,2024-11-21 18:44:35,Snowflake_SNOW_Headlines
Snowflake Stock Has Best Day Ever After Earnings. It May Mark the End of  the Nvidia Powered Chip Trade.,2024-11-21 18:44:35,Snowflake_SNOW_Headlines
Snowflake Stock Soars on Wall Street Beat,2024-11-21 18:44:35,Snowflake_SNOW_Headlines
Snowflake Shares Soar by Most in Four Years After Strong Outlook,2024-11-21 18:44:35,Snowflake_SNOW_Headlines
"Snowflake Q3 Earnings Beat Estimates, Revenues Rise Y/Y, Stock Up",2024-11-21 18:44:35,Snowflake_SNOW_Headlines
Snowflake Stock Explodes Over 30% on AI Growth and Game-Changing Partnership,2024-11-21 18:44:35,Snowflake_SNOW_Headlines
Q3 2025 Snowflake Inc Earnings Call,2024-11-21 18:44:35,Snowflake_SNOW_Headlines
"Snowflake shares surge on rosy forecast, AI deal with Anthropic",2024-11-21 18:44:35,Snowflake_SNOW_Headlines
"Snowflake stock skyrockets by 25% on Q3 beat, guidance raise",2024-11-21 18:44:35,Snowflake_SNOW_Headlines
"Snowflake Stock Surges as Revenue, Adjusted Profits Surpass Estimates",2024-11-21 18:44:35,Snowflake_SNOW_Headlines
"Snowflake Delivers Q3 Earnings, Revenue Beat. 'Turning Point' In Snowflake Story?",2024-11-21 18:44:35,Snowflake_SNOW_Headlines
Snowflake Stock Soars After Earnings Crush Expectations,2024-11-21 18:44:35,Snowflake_SNOW_Headlines
"Snowflake jumps 20% after lifting product revenue outlook, Q3 beat",2024-11-21 18:44:35,Snowflake_SNOW_Headlines
Snowflake Inc (SNOW) Q3 2025 Earnings Call Highlights: Strong Revenue Growth and Strategic AI ...,2024-11-21 18:44:35,Snowflake_SNOW_Headlines
Snowflake (SNOW) Q3 2025 Earnings Call Transcript,2024-11-21 18:44:35,Snowflake_SNOW_Headlines
"Snowflake Price Levels to Watch as Stock Pops 20% on Strong Earnings, Outlook",2024-11-21 18:44:35,Snowflake_SNOW_Headlines
Snowflake (SNOW) Q3 Earnings: How Key Metrics Compare to Wall Street Estimates,2024-11-20 18:44:35,Snowflake_SNOW_Headlines
Snowflake Inc. (SNOW) Expands Microsoft Partnership to Enhance AI Application Development with New Power Platform Connector,2024-11-20 18:44:35,Snowflake_SNOW_Headlines
Snowflake Inc. (SNOW) Tops Q3 Earnings and Revenue Estimates,2024-11-20 18:44:35,Snowflake_SNOW_Headlines
Snowflake's Sales Soar Despite Wider Loss,2024-11-20 18:44:35,Snowflake_SNOW_Headlines
Snowflake shares pop on revenue beat and strong sales outlook,2024-11-20 18:44:35,Snowflake_SNOW_Headlines
"Snowflake (NYSE:SNOW) Surprises With Q3 Sales, Stock Jumps 13.3%",2024-11-20 18:44:35,Snowflake_SNOW_Headlines
"Snowflake lifts product revenue forecast, enters AI deal with Anthropic",2024-11-20 18:44:35,Snowflake_SNOW_Headlines
Snowflake and Anthropic Team Up to Bring Claude Models Directly to the AI Data Cloud,2024-11-20 18:44:35,Snowflake_SNOW_Headlines
"Snowflake Agrees to Acquire Open Data Integration Platform, Datavolo",2024-11-20 18:44:35,Snowflake_SNOW_Headlines
Snowflake Reports Financial Results for the Third Quarter of Fiscal 2025,2024-11-20 18:44:35,Snowflake_SNOW_Headlines
Snowflake Inc. (SNOW) Faces Investor Caution: Analyst Maintains Overweight Rating,2024-11-20 18:44:35,Snowflake_SNOW_Headlines
Snowflake Earnings Due. Is Snowflake Stock A Buy Or Sell?,2024-11-20 18:44:35,Snowflake_SNOW_Headlines
Snowflake Inc. (SNOW) Enhances Cross-Cloud Collaboration to Accelerate AI App Development and Data Sharing,2024-11-20 18:44:35,Snowflake_SNOW_Headlines
Snowflake Inc. (SNOW): Citi Lowers Price Target to $183 but Highlights Strong Q3 Outlook and GenAI Growth Potential,2024-11-20 18:44:35,Snowflake_SNOW_Headlines
Snowflake and Microsoft Simplify AI App Development and Data Collaboration with Connector for Microsoft Power Platform and Microsoft Dynamics 365,2024-11-19 18:44:35,Snowflake_SNOW_Headlines
Snowflake Inc (SNOW)’s AI Edge: Why Analysts Are Betting on Future Growth,2024-11-19 18:44:35,Snowflake_SNOW_Headlines
Snowflake (SNOW) Reports Earnings Tomorrow: What To Expect,2024-11-19 18:44:35,Snowflake_SNOW_Headlines
Could Snowflake Inc. (SNOW) Grow 10x Over the Next 3 Years?,2024-11-18 18:44:35,Snowflake_SNOW_Headlines
"Snowflake Set to Report Q3 Earnings: Buy, Hold or Sell SNOW Stock?",2024-11-18 18:44:35,Snowflake_SNOW_Headlines
Wall Street Bulls Look Optimistic About Snowflake (SNOW): Should You Buy?,2024-11-18 18:44:35,Snowflake_SNOW_Headlines
Is Snowflake Inc. (SNOW) the Best Predictive Analytics Stock to Invest in Now?,2024-11-18 18:44:35,Snowflake_SNOW_Headlines
"TD Cowen Raises Palo Alto Networks, Inc. (PANW) Price Target to $420, Citing Strong ARR Growth and AI-Driven Innovations",2024-11-21 18:04:12,Palo Alto_PANW_Headlines
Palo Alto Networks Stock Gets RS Rating Upgrade,2024-11-21 18:04:12,Palo Alto_PANW_Headlines
"Palo Alto Networks Tops Estimates, Announces Stock Split",2024-11-21 18:04:12,Palo Alto_PANW_Headlines
"Palo Alto Drops 3% Despite Strong Q1, Analysts See Long-Term Upside",2024-11-21 18:04:12,Palo Alto_PANW_Headlines
"Palo Alto Networks beats Q1 estimates, while guidance disappoints",2024-11-21 18:04:12,Palo Alto_PANW_Headlines
Palo Alto Q1 Earnings Beat: Can Strong Guidance Lift the Stock?,2024-11-21 18:04:12,Palo Alto_PANW_Headlines
Q1 2025 Palo Alto Networks Inc Earnings Call,2024-11-21 18:04:12,Palo Alto_PANW_Headlines
Wells Fargo lifts target price on Palo Alto even as stock dip post results,2024-11-21 18:04:12,Palo Alto_PANW_Headlines
"The Zacks Analyst Blog Highlights Target, TJX, NVIDIA, Palo Alto Networks and Snowflake",2024-11-21 18:04:12,Palo Alto_PANW_Headlines
Palo Alto Stock Is Falling After Earnings Beat. Why This Metric’s Worrying Analysts.,2024-11-21 18:04:12,Palo Alto_PANW_Headlines
Palo Alto Networks Fiscal Q1 Results Fuel Debate Over 'Platformization',2024-11-21 18:04:12,Palo Alto_PANW_Headlines
"Palo Alto Networks beats Q1 estimates, delivers in-line guidance; shares down",2024-11-21 18:04:12,Palo Alto_PANW_Headlines
Palo Alto Networks boasts as customers coalesce on its platforms,2024-11-21 18:04:12,Palo Alto_PANW_Headlines
Palo Alto Networks Inc (PANW) Q1 2025 Earnings Call Highlights: Strong Revenue Growth and ...,2024-11-21 18:04:12,Palo Alto_PANW_Headlines
Palo Alto Networks (PANW) Q1 2025 Earnings Call Transcript,2024-11-21 18:04:12,Palo Alto_PANW_Headlines
Palo Alto Networks Full-Year Guidance Disappoints; Shares Slip,2024-11-20 18:04:12,Palo Alto_PANW_Headlines
"NVIDIA Beats, After-Hours Yawns; PANW and SNOW Report, Too",2024-11-20 18:04:12,Palo Alto_PANW_Headlines
Palo Alto tops revenue and profit estimates on steady cybersecurity demand,2024-11-20 18:04:12,Palo Alto_PANW_Headlines
Palo Alto (PANW) Q1 Earnings: How Key Metrics Compare to Wall Street Estimates,2024-11-20 18:04:12,Palo Alto_PANW_Headlines
Palo Alto Networks' Q1 results were 'solid': Analyst,2024-11-20 18:04:12,Palo Alto_PANW_Headlines
Palo Alto Networks (PANW) Q1 Earnings and Revenues Top Estimates,2024-11-20 18:04:12,Palo Alto_PANW_Headlines
"Wedbush Reiterates Buy Rating on Palo Alto Networks, Inc. (PANW) with $400 Target Ahead of Q1 Earnings and AI-Driven Growth Prospects",2024-11-20 18:04:12,Palo Alto_PANW_Headlines
Palo Alto: Fiscal Q1 Earnings Snapshot,2024-11-20 18:04:12,Palo Alto_PANW_Headlines
Palo Alto Networks (NASDAQ:PANW) Surprises With Q3 Sales,2024-11-20 18:04:12,Palo Alto_PANW_Headlines
Palo Alto Networks Reports Fiscal First Quarter 2025 Financial Results,2024-11-20 18:04:12,Palo Alto_PANW_Headlines
"Jim Cramer on Palo Alto Networks, Inc. (PANW): ‘The Stock Has Sometimes Sold Off Badly When It Reports, Could Be An Opportunity’",2024-11-20 18:04:12,Palo Alto_PANW_Headlines
Palo Alto Networks price target raised to $450 from $400 at Jefferies,2024-11-20 18:04:12,Palo Alto_PANW_Headlines
"Palo Alto Networks, Inc. (PANW): Truist Raises Price Target to $425 on Strong Demand and Generative AI Potential",2024-11-20 18:04:12,Palo Alto_PANW_Headlines
"The Zacks Analyst Blog Highlights Palo Alto, Technology Select Sector SPDR Fund, Juniper Networks and Check Point Software",2024-11-19 18:04:12,Palo Alto_PANW_Headlines
Palo Alto Networks customers grapple with another actively exploited zero-day,2024-11-19 18:04:12,Palo Alto_PANW_Headlines
Palo Alto Networks (PANW): AI-Powered Cybersecurity Driving Strong Growth,2024-11-19 18:04:12,Palo Alto_PANW_Headlines
Earnings To Watch: Palo Alto Networks (PANW) Reports Q3 Results Tomorrow,2024-11-19 18:04:12,Palo Alto_PANW_Headlines
Should Palo Alto Stock be Part of Your Portfolio Ahead of Q1 Earnings?,2024-11-18 18:04:12,Palo Alto_PANW_Headlines
"Nvidia debuts AI model that can create music, mimic speech",Unknown,NVDA_Headlines
Should You Forget Nvidia and Buy These 2 Millionaire-Maker Stocks Instead?,Unknown,NVDA_Headlines
Where Will Nvidia Stock Be in 3 Years?,Unknown,NVDA_Headlines
Why Nvidia Stock (NVDA) Declined Today,Unknown,NVDA_Headlines
NVIDIA Corporation (NVDA): Volatility Amid Strong AI Demand and Growth Opportunities,Unknown,NVDA_Headlines
"NVIDIA Earnings, OpenAI, SpaceX & More",Unknown,NVDA_Headlines
Nvidia Stock Drops. Why Shares Are Still Down Following Last Week’s Earnings Report.,Unknown,NVDA_Headlines
"Analyst Recommends Selling Nvidia Stock (NVDA) Amid Growth, Super Micro (SMCI) Concerns: ‘You Don’t Stay On Top Forever’",Unknown,NVDA_Headlines
Cracks Emerge In Nvidia's AI Armor. What's An Investor To Do?,Unknown,NVDA_Headlines
Magnificent Seven Stocks: Nvidia Stock Sells Off; Tesla Reverses Lower,Unknown,NVDA_Headlines
Is NVIDIA Corporation (NVDA) the Best Stock to Invest in for the Next 3 Months?,Unknown,NVDA_Headlines
"Nvidia shares decline 3.5%, hit 3-week low as rotation into cyclicals continue",Unknown,NVDA_Headlines
The 5 biggest takeaways following Nvidia's earnings,Unknown,NVDA_Headlines
3 Reasons Growth Investors Will Love Nvidia (NVDA),Unknown,NVDA_Headlines
Top Midday Stories: Macy's Says Ex-Employee Hid Up to $154 Million in Expenses; Summit to Be Acquired by Quikrete for $11.5 Billion; Nvidia Unveils AI Model,Unknown,NVDA_Headlines
This Analyst With 85% Accuracy Rate Sees Over 30% Upside In Nvidia - Here Are 5 Stock Picks For Last Week From Wall Street's Most Accurate Analysts,Unknown,NVDA_Headlines
Nvidia's New Fugatto Tool: The AI Revolution Soundtrack We Didn't See Coming,Unknown,NVDA_Headlines
"Nvidia Unveils Fugatto: AI Tool That Transforms Sound Creation For Music, Ads, And Gaming",Unknown,NVDA_Headlines
Nvidia Unveils AI Model for Music and Audio Generation,Unknown,NVDA_Headlines
Nvidia CEO Highlights Continued Global Cooperation Amid U.S. Policy Shifts,Unknown,NVDA_Headlines
"Nvidia's Growth May Be Cooling, but Here's Why I'm Still Buying",Unknown,NVDA_Headlines
NVIDIA Corporation (NVDA) Powers CoreWeave’s $3 Billion IPO Bid,Unknown,NVDA_Headlines
Nvidia's Strong Earnings to Benefit TSMC as AI Demand Continues to Soar,Unknown,NVDA_Headlines
Investors Ponder Nvidia Game Plan After 3.2% Fall; Is Nvidia A Buy Or Sell Now?,Unknown,NVDA_Headlines
Better Artificial Intelligence Stock: Broadcom vs. Nvidia,Unknown,NVDA_Headlines
Here's Why Nvidia (NVDA) is a Strong Growth Stock,Unknown,NVDA_Headlines
Billionaire Ray Dalio Sold Nvidia Stock. Should You Follow?,Unknown,NVDA_Headlines
Understanding Nvidia (NVDA) Reliance on International Revenue,Unknown,NVDA_Headlines
"Nvidia shows AI model that can modify voices, generate novel sounds",Unknown,NVDA_Headlines
Investors Heavily Search NVIDIA Corporation (NVDA): Here is What You Need to Know,Unknown,NVDA_Headlines
"Dow Jones Futures Rise: Stay Cool In Hot Market; Forget Nvidia, Meet The New AI Chip Leader",Unknown,NVDA_Headlines
"BofA maintains a ""Buy"" on Nvidia, setting a $190 target Amid Growing AI Dominance",Unknown,NVDA_Headlines
NVIDIA Hits Highs as Analysts Forecast Continued Growth: Citigroup Lifts Target to $175,Unknown,NVDA_Headlines
NVIDIA Corporation (NVDA) Surpasses Q3 Expectations with $175 Price Target Upgrade from Wedbush,Unknown,NVDA_Headlines
Symbotic Inc. (SYM): The AI Stock Investors Are Watching Closely,2024-11-20 18:45:33,Symbiotic_SYM_Headlines
Wall Street Analysts Think SYMBOTIC INC (SYM) Is a Good Investment: Is It?,2024-11-20 18:45:33,Symbiotic_SYM_Headlines
Symbotic price target raised to $48 from $40 at KeyBanc,2024-11-20 18:45:33,Symbiotic_SYM_Headlines
Why Symbotic earnings are sending the stock soaring over 25%,2024-11-19 18:45:33,Symbiotic_SYM_Headlines
"Symbotic Inc. (SYM): AI-Powered Warehouse Automation Drives Q4 Revenue Surge, Beats Estimates",2024-11-19 18:45:33,Symbiotic_SYM_Headlines
Symbotic Stock Rises 27%. Here’s Why the AI-Robot Company Is Surging.,2024-11-19 18:45:33,Symbiotic_SYM_Headlines
Q4 2024 Symbotic Inc Earnings Call,2024-11-19 18:45:33,Symbiotic_SYM_Headlines
Symbotic's Shares Soar 28.5% on Explosive AI Growth and Game-Changing Q4 Results,2024-11-19 18:45:33,Symbiotic_SYM_Headlines
Symbotic Inc (SYM) Q4 2024 Earnings Call Highlights: Record Revenue and Strategic Expansion,2024-11-19 18:45:33,Symbiotic_SYM_Headlines
Symbotic Inc. (SYM) Tops Q4 Earnings and Revenue Estimates,2024-11-18 18:45:33,Symbiotic_SYM_Headlines
Symbotic Reports Fourth Quarter and Fiscal Year 2024 Results,2024-11-18 18:45:33,Symbiotic_SYM_Headlines
Q3 Earnings Buzz: Target Stock Falls Nvidia Shares Flat,2024-11-21 18:46:24,Target_TGT_Headlines
Target's earnings miss isn't about the U.S. port strike. Here's what happened,2024-11-21 18:46:24,Target_TGT_Headlines
Why America's Favorite Department Store Could Be Your Favorite Dividend King Stock (TGT),2024-11-21 18:46:24,Target_TGT_Headlines
"Walmart wins, Target misses in mixed retail earnings report",2024-11-21 18:46:24,Target_TGT_Headlines
Zacks Earnings Trends Highlights: Target and Walmart,2024-11-21 18:46:24,Target_TGT_Headlines
"Trending tickers: Nvidia, Adani, Target, Baidu and JD Sports",2024-11-21 18:46:24,Target_TGT_Headlines
Target Corp (TGT) Q3 2024 Earnings Call Highlights: Navigating Growth Amidst Consumer Caution,2024-11-21 18:46:24,Target_TGT_Headlines
Q3 2024 Target Corp Earnings Call,2024-11-21 18:46:24,Target_TGT_Headlines
Target’s in Trouble. How it Could Turn Business Around.,2024-11-21 18:46:24,Target_TGT_Headlines
Target’s Wipeout Shows Why Walmart Stock Isn’t Too Expensive,2024-11-21 18:46:24,Target_TGT_Headlines
Walmart shoppers are showing Target how it's done,2024-11-21 18:46:24,Target_TGT_Headlines
Target flags startling customer behavior ahead of holidays,2024-11-21 18:46:24,Target_TGT_Headlines
Walmart & Target: A Closer Look at Retail Earnings,2024-11-20 18:46:24,Target_TGT_Headlines
Target Shares Tumble on Earnings Miss,2024-11-20 18:46:24,Target_TGT_Headlines
"'It's a Target problem,' look at Walmart's results: Analyst",2024-11-20 18:46:24,Target_TGT_Headlines
Target Sinks To New Low On Holiday Gloom After Huge Earnings Miss,2024-11-20 18:46:24,Target_TGT_Headlines
"Target’s Slow Rebound Frustrates Investors, Sends Shares Falling",2024-11-20 18:46:24,Target_TGT_Headlines
Why Target (TGT) Shares Are Getting Obliterated Today,2024-11-20 18:46:24,Target_TGT_Headlines
Why Target (TGT) Stock Is Trading Lower Today,2024-11-20 18:46:24,Target_TGT_Headlines
Target downgrades fourth-quarter sales expectation following sluggish Q3,2024-11-20 18:46:24,Target_TGT_Headlines
A Tale of Two Supply Chains: What Separated Walmart and Target in Q3,2024-11-20 18:46:24,Target_TGT_Headlines
Why Target Stock Is Getting Crushed Today,2024-11-20 18:46:24,Target_TGT_Headlines
Target Margins And Inventory Issues Raise Analyst Caution After Weak Q3 Performance,2024-11-20 18:46:24,Target_TGT_Headlines
"Target Shoppers Are Waiting to Buy, Questing for Deals, and Stocking Up",2024-11-20 18:46:24,Target_TGT_Headlines
Why Walmart's Stock Hit an All-Time High but Target's Slumped on Q3 Earnings,2024-11-20 18:46:24,Target_TGT_Headlines
Target (TGT) Q3 2024 Earnings Call Transcript,2024-11-20 18:46:24,Target_TGT_Headlines
Target just had its biggest earnings miss in years — and the stock plummets 21% to a 1-year-low,2024-11-20 18:46:24,Target_TGT_Headlines
Target Stock Is Having Its Worst Day in Years. Why Its Earnings Shocked Wall Street.,2024-11-20 18:46:24,Target_TGT_Headlines
"Target Misses Q3 Estimates, Faces Challenges with Lower Q4 Projections",2024-11-20 18:46:24,Target_TGT_Headlines
"Target stock hit with downgrades, analysts point to market share erosion",2024-11-20 18:46:24,Target_TGT_Headlines
Target Shares Plummet 20% After Q3 Earnings Miss Expectations,2024-11-20 18:46:24,Target_TGT_Headlines
What does Target's earnings miss signal for other retailers?,2024-11-20 18:46:24,Target_TGT_Headlines
"Stocks to Watch Wednesday: Nvidia, Target, NIO",2024-11-20 18:46:24,Target_TGT_Headlines
Walmart and Target: A Tale of Two Retailers,2024-11-20 18:46:24,Target_TGT_Headlines
"Target Misses Q3 Earnings & Sales Estimates, Issues Cautious Q4 View",2024-11-20 18:46:24,Target_TGT_Headlines
"Pre-markets Heading Lower; TGT, TJX Report Q3; NVDA After the Close",2024-11-20 18:46:24,Target_TGT_Headlines
Why Target (TGT) is a Top Momentum Stock for the Long-Term,2024-11-20 18:46:24,Target_TGT_Headlines
A Tale of Two Retail Giants: Target vs. Walmart,2024-11-20 18:46:24,Target_TGT_Headlines
Target sounds the alarm bell on holiday shopping,2024-11-20 18:46:24,Target_TGT_Headlines
"Target stock sinking on Q3 earnings, sales miss: What to know",2024-11-20 18:46:24,Target_TGT_Headlines
Target Stock Heads Toward Worst Day in Two Years,2024-11-20 18:46:24,Target_TGT_Headlines
"Nvidia earnings, Target stock hit, Comcast spinoff: 3 Things",2024-11-20 18:46:24,Target_TGT_Headlines
Target stock is falling: Price slashing may not be enough to improve 2024 holiday sales,2024-11-20 18:46:24,Target_TGT_Headlines
Target stock crashing on earnings: 3 problems the retailer faces,2024-11-20 18:46:24,Target_TGT_Headlines
"Target Q3 Earnings: Supply Chain Chaos Hits Bottomline, Slashes Annual Profit Outlook, Stock Tanks",2024-11-20 18:46:24,Target_TGT_Headlines
"Target misses Q3 earnings expectations, lowers guidance",2024-11-20 18:46:24,Target_TGT_Headlines
Jim Cramer on Target Corporation (TGT): ‘People Are So Worried About Tariffs That You Might Want To Wait And See With This One’,2024-11-20 18:46:24,Target_TGT_Headlines
Target Stock Slumps To Lowest Point in Year on Weaker-Than-Expected Results,2024-11-20 18:46:24,Target_TGT_Headlines
Target Stock Loses $15.8B in Market Cap as Weak Discretionary Sales Hit Q3 Profits,2024-11-20 18:46:24,Target_TGT_Headlines
"Target (NYSE:TGT) Misses Q3 Revenue Estimates, Stock Drops 21.2%",2024-11-20 18:46:24,Target_TGT_Headlines
Target: Fiscal Q3 Earnings Snapshot,2024-11-20 18:46:24,Target_TGT_Headlines
Target shares slide 21% as retailer expects stagnant holiday quarter sales,2024-11-20 18:46:24,Target_TGT_Headlines
Target CEO 'guiding for some conservatism' as the retailer misses earnings estimates ahead of the holidays,2024-11-20 18:46:24,Target_TGT_Headlines
Target Corporation Reports Third Quarter Earnings,2024-11-20 18:46:24,Target_TGT_Headlines
Target earnings are today. Here's what to watch,2024-11-20 18:46:24,Target_TGT_Headlines
"Buy, Hold or Sell Target Stock: Key Tips Ahead of Q3 Earnings",2024-11-19 18:46:24,Target_TGT_Headlines
How To Earn $500 A Month From Target Stock Ahead Of Q3 Earnings,2024-11-19 18:46:24,Target_TGT_Headlines
What Analysts Think of Target Stock Ahead of Earnings,2024-11-19 18:46:24,Target_TGT_Headlines
"Target Corporation to Webcast 3rd Quarter Earnings Conference Call on Wednesday, November 20, 2024",2024-11-19 18:46:24,Target_TGT_Headlines
"The Zacks Analyst Blog Highlights Amazon.com, Abercrombie & Fitch, Target and Carvana",2024-11-19 18:46:24,Target_TGT_Headlines
Target’s supply chain investments power holiday season ambitions,2024-11-19 18:46:24,Target_TGT_Headlines
Target (TGT) Q3 Earnings: What To Expect,2024-11-19 18:46:24,Target_TGT_Headlines
Time to Buy Walmart or Target Stock as Q3 Earnings Approach?,2024-11-18 18:46:24,Target_TGT_Headlines
Here's Why Target (TGT) is a Strong Growth Stock,2024-11-18 18:46:24,Target_TGT_Headlines
"Earnings in Focus: How Lowe’s, Target, and Nvidia Navigated Q3 Challenges",2024-11-18 18:46:24,Target_TGT_Headlines
"Walmart, Target, Amazon and Lowe's are part of Zacks Earnings Preview",2024-11-18 18:46:24,Target_TGT_Headlines
"1 Stock to Buy, 1 Stock to Sell This Week: Nvidia, Target",2024-11-17 18:46:24,Target_TGT_Headlines
Is Target Corporation (TGT) the Best Department Store Stock to Buy According to Hedge Funds?,2024-11-17 18:46:24,Target_TGT_Headlines
"Walmart wins, Target misses in mixed retail earnings report",2024-11-21 18:47:36,Walmart_WMT_Headlines
Walmart makes convenience a priority as it grows e-commerce market share,2024-11-21 18:47:36,Walmart_WMT_Headlines
"Walmart, Target, and Aldi's Thanksgiving deals",2024-11-21 18:47:36,Walmart_WMT_Headlines
"Walmart Appears Poised to Weather Trump Tariffs Better Than Competitors, Analysts Say",2024-11-21 18:47:36,Walmart_WMT_Headlines
Zacks Earnings Trends Highlights: Target and Walmart,2024-11-21 18:47:36,Walmart_WMT_Headlines
Walmart price target raised to $100 from $90 at Baird,2024-11-21 18:47:36,Walmart_WMT_Headlines
Target’s Wipeout Shows Why Walmart Stock Isn’t Too Expensive,2024-11-21 18:47:36,Walmart_WMT_Headlines
Walmart shoppers are showing Target how it's done,2024-11-21 18:47:36,Walmart_WMT_Headlines
Walmart & Target: A Closer Look at Retail Earnings,2024-11-20 18:47:36,Walmart_WMT_Headlines
"'It's a Target problem,' look at Walmart's results: Analyst",2024-11-20 18:47:36,Walmart_WMT_Headlines
"Amazon, Walmart and Costco Are Running Away With 46 Percent of Retail Growth",2024-11-20 18:47:36,Walmart_WMT_Headlines
A Tale of Two Supply Chains: What Separated Walmart and Target in Q3,2024-11-20 18:47:36,Walmart_WMT_Headlines
Why Walmart's Stock Hit an All-Time High but Target's Slumped on Q3 Earnings,2024-11-20 18:47:36,Walmart_WMT_Headlines
"Amazon, Walmart, and Target's top 10 Black Friday deals",2024-11-20 18:47:36,Walmart_WMT_Headlines
Walmart Stock Price Levels to Watch After Post-Earnings Surge to Record High,2024-11-20 18:47:36,Walmart_WMT_Headlines
"Walmart Beats on Q3 Earnings, Hikes Views: ETFs to Gain",2024-11-20 18:47:36,Walmart_WMT_Headlines
Walmart and Target: A Tale of Two Retailers,2024-11-20 18:47:36,Walmart_WMT_Headlines
Walmart slashes US delivery costs by 40% per order,2024-11-20 18:47:36,Walmart_WMT_Headlines
A Tale of Two Retail Giants: Target vs. Walmart,2024-11-20 18:47:36,Walmart_WMT_Headlines
"Uncertainty clouds holiday shopping season after mixed forecasts from Walmart, Target",2024-11-20 18:47:36,Walmart_WMT_Headlines
"Walmart CFO keeps eye on prices, tariffs",2024-11-20 18:47:36,Walmart_WMT_Headlines
Jim Cramer on Walmart Inc. (WMT): ‘You Only Have My Blessing To Put A Small Position On It’,2024-11-20 18:47:36,Walmart_WMT_Headlines
"Walmart’s automation boom means lower delivery costs and better careers, says CFO",2024-11-20 18:47:36,Walmart_WMT_Headlines
"Trending tickers: Nvidia, Nokia, Walmart, Volkswagen and British Land",2024-11-20 18:47:36,Walmart_WMT_Headlines
Will KEYS Stock Aid From the Launch of Trade Monitoring Solution?,2024-11-21 18:23:03,Keysight_KEYS_Headlines
Keysight to Participate in Upcoming Investor Conferences,2024-11-21 18:23:03,Keysight_KEYS_Headlines
Keysight Technologies price target raised to $200 from $180 at Barclays,2024-11-21 18:23:03,Keysight_KEYS_Headlines
Keysight Technologies price target raised to $180 from $175 at Deutsche Bank,2024-11-21 18:23:03,Keysight_KEYS_Headlines
"These Stocks Moved the Most Today: Nvidia, Target, Super Micro, Williams-Sonoma, Keysight, Fabrinet, Ford, and More",2024-11-20 18:23:03,Keysight_KEYS_Headlines
Why Is Keysight (KEYS) Stock Rocketing Higher Today,2024-11-20 18:23:03,Keysight_KEYS_Headlines
Keysight Technologies Soars to 52-Week High on Strong Earnings and 2025 Guidance,2024-11-20 18:23:03,Keysight_KEYS_Headlines
Keysight and Instrumentix Partner to Launch Complete Trade Monitoring Solution for Financial Markets,2024-11-20 18:23:03,Keysight_KEYS_Headlines
"KEYS Q4 Earnings Top Estimate, Top Line Down on Weakness in Automotive",2024-11-20 18:23:03,Keysight_KEYS_Headlines
Q4 2024 Keysight Technologies Inc Earnings Call,2024-11-20 18:23:03,Keysight_KEYS_Headlines
Keysight Stock Rises Sharply. Here’s Why.,2024-11-20 18:23:03,Keysight_KEYS_Headlines
Keysight Issues Upbeat Outlook as Fiscal Fourth-Quarter Results Top Estimates,2024-11-20 18:23:03,Keysight_KEYS_Headlines
Keysight Technologies Inc (KEYS) Q4 2024 Earnings Call Highlights: Navigating Challenges with ...,2024-11-20 18:23:03,Keysight_KEYS_Headlines
"Keysight Technologies, Inc. (KEYS): Unveils AI-Enhanced EDA Software Portfolio to Revolutionize Next-Gen Technology Design",2024-11-20 18:23:03,Keysight_KEYS_Headlines
Keysight (KEYS) Reports Q4 Earnings: What Key Metrics Have to Say,2024-11-19 18:23:03,Keysight_KEYS_Headlines
Keysight (KEYS) Q4 Earnings and Revenues Beat Estimates,2024-11-19 18:23:03,Keysight_KEYS_Headlines
Keysight: Fiscal Q4 Earnings Snapshot,2024-11-19 18:23:03,Keysight_KEYS_Headlines
"Keysight (NYSE:KEYS) Posts Better-Than-Expected Sales In Q3, Stock Jumps 10.2%",2024-11-19 18:23:03,Keysight_KEYS_Headlines
Keysight Technologies Reports Fourth Quarter and Fiscal Year 2024 Results,2024-11-19 18:23:03,Keysight_KEYS_Headlines
Spectra7 and Keysight to Demonstrate Robust Performance Testing of 800Gbps Active Copper Interconnects at SC24,2024-11-19 18:23:03,Keysight_KEYS_Headlines
Keysight Introduces Electronic Design Automation Software Suite Amplifying Designer Productivity with AI,2024-11-18 18:23:03,Keysight_KEYS_Headlines
KEYS' Solutions to Support Microelectronics Commons Initiative,2024-11-18 18:23:03,Keysight_KEYS_Headlines
What To Expect From Keysight’s (KEYS) Q3 Earnings,2024-11-18 18:23:03,Keysight_KEYS_Headlines
The total return for Keysight Technologies (NYSE:KEYS) investors has risen faster than earnings growth over the last five years,2024-11-17 18:23:03,Keysight_KEYS_Headlines
Intuit (INTU) Reports Q1 Earnings: What Key Metrics Have to Say,2024-11-21 18:21:57,Intuit_INTU_Headlines
"Intuit Stock Falls on Weaker Guidance, but CEO Downplays Fears of Free U.S. Tax App",2024-11-21 18:21:57,Intuit_INTU_Headlines
"Intuit Beats Fiscal Q1 Targets Buts Guides Low For Current Quarter, Full Year",2024-11-21 18:21:57,Intuit_INTU_Headlines
Intuit (INTU) Beats Q1 Earnings and Revenue Estimates,2024-11-21 18:21:57,Intuit_INTU_Headlines
Intuit Maintains Full Year Guidance; CEO Says Trump Administration Won’t Build Tax-Filing App,2024-11-21 18:21:57,Intuit_INTU_Headlines
Intuit's Stock Drops as Its Outlook Disappoints,2024-11-21 18:21:57,Intuit_INTU_Headlines
"Intuit Beats First-Quarter Sales Views on QuickBooks, Credit Karma Gains",2024-11-21 18:21:57,Intuit_INTU_Headlines
Intuit’s (NASDAQ:INTU) Q3: Beats On Revenue But Stock Drops,2024-11-21 18:21:57,Intuit_INTU_Headlines
Intuit: Fiscal Q1 Earnings Snapshot,2024-11-21 18:21:57,Intuit_INTU_Headlines
Intuit Falls After Giving Tepid Outlook Despite New AI Tools,2024-11-21 18:21:57,Intuit_INTU_Headlines
Intuit's quarterly forecasts disappoint as delayed promotions weigh on growth,2024-11-21 18:21:57,Intuit_INTU_Headlines
Intuit Reports Strong First Quarter Results and Reiterates Full Year Guidance,2024-11-21 18:21:57,Intuit_INTU_Headlines
How To Earn $500 A Month From Intuit Stock Ahead Of Q1 Earnings,2024-11-21 18:21:57,Intuit_INTU_Headlines
Should You Be Adding Intuit (NASDAQ:INTU) To Your Watchlist Today?,2024-11-21 18:21:57,Intuit_INTU_Headlines
INTU Earnings: Buy this Big Tech Stock Before It Breaks Out to New Highs?,2024-11-20 18:21:57,Intuit_INTU_Headlines
"Intuit Launches AI-Powered Intuit Assist for QuickBooks, Giving Millions of Businesses a Competitive Edge",2024-11-20 18:21:57,Intuit_INTU_Headlines
Jim Cramer on Intuit Inc. (INTU): ‘How Can I Pull The Trigger On A Stock That’s So Close To Its High Yet So Far From Where It Was Just A Month Ago?’,2024-11-20 18:21:57,Intuit_INTU_Headlines
Intuit (INTU) To Report Earnings Tomorrow: Here Is What To Expect,2024-11-20 18:21:57,Intuit_INTU_Headlines
Intuit Stock Tumbles As Elon Musk's DOGE Commission Eyes Simple Tax-Filing App,2024-11-19 18:21:57,Intuit_INTU_Headlines
"Trump's DOGE considers tax app. Intuit, H&R Block shares sink.",2024-11-19 18:21:57,Intuit_INTU_Headlines
Intuit and H&R Block stocks tank because Elon Musk's DOGE wants to simplify tax filing,2024-11-19 18:21:57,Intuit_INTU_Headlines
Intuit and H&R block fall on report of ‘DOGE’ interest in tax app,2024-11-19 18:21:57,Intuit_INTU_Headlines
Musk's Bold Tax Revolution: Challenges For Intuit's TurboTax Empire,2024-11-19 18:21:57,Intuit_INTU_Headlines
Insights Into Intuit (INTU) Q1: Wall Street Projections for Key Metrics,2024-11-18 18:21:57,Intuit_INTU_Headlines
Q4 2024 Powell Industries Inc Earnings Call,2024-11-21 18:33:26,Powell_POWL_Headlines
Powell Industries Inc (POWL) Q4 2024 Earnings Call Highlights: Record Revenue and Strategic ...,2024-11-21 18:33:26,Powell_POWL_Headlines
Why Powell (POWL) Shares Are Trading Lower Today,2024-11-20 18:33:26,Powell_POWL_Headlines
Why Powell (POWL) Stock Is Falling Today,2024-11-20 18:33:26,Powell_POWL_Headlines
Powell Industries Faces Seasonally Slow Q1 Start After Mixed Q4; Stock Tanks,2024-11-20 18:33:26,Powell_POWL_Headlines
"Powell Industries' Q4 Earnings Surpass Estimates, Increase Y/Y",2024-11-20 18:33:26,Powell_POWL_Headlines
"Zacks Industry Outlook Highlights Zurn Elkay, Eaton, Emerson Electric and Powell Industries",2024-11-20 18:33:26,Powell_POWL_Headlines
Powell Industries (POWL) Beats Q4 Earnings Estimates,2024-11-19 18:33:26,Powell_POWL_Headlines
Powell Industries: Fiscal Q4 Earnings Snapshot,2024-11-19 18:33:26,Powell_POWL_Headlines
"Powell (NASDAQ:POWL) Misses Q3 Revenue Estimates, Stock Drops",2024-11-19 18:33:26,Powell_POWL_Headlines
Powell Industries Announces Fourth Quarter and Full Year Fiscal 2024 Results,2024-11-19 18:33:26,Powell_POWL_Headlines
Earnings To Watch: Powell (POWL) Reports Q3 Results Tomorrow,2024-11-18 18:33:26,Powell_POWL_Headlines
"Macquarie downgrades NIO on weak guide, demand concerns",2024-11-21 18:24:10,NIO INC_NIO_Headlines
"NIO Launches Third EV Brand, Firefly, Targeting Compact Market",2024-11-21 18:24:10,NIO INC_NIO_Headlines
"Should You Buy, Sell or Hold NIO Stock Post Mixed Q3 Results?",2024-11-21 18:24:10,NIO INC_NIO_Headlines
"NIO Q3 Loss Wider Than Expected, Revenues Miss, Q4 View Solid",2024-11-21 18:24:10,NIO INC_NIO_Headlines
Nio sees Q4 revenue RMB 19.68B-RMB 20.38B,2024-11-21 18:24:10,NIO INC_NIO_Headlines
Nio reports Q3 EPS (RMB 2.50) vs. (RMB 2.67) last year,2024-11-21 18:24:10,NIO INC_NIO_Headlines
NIO Inc (NIO) Q3 2024 Earnings Call Highlights: Record Deliveries Amidst Revenue Challenges,2024-11-21 18:24:10,NIO INC_NIO_Headlines
Q3 2024 NIO Inc Earnings Call,2024-11-21 18:24:10,NIO INC_NIO_Headlines
Nio (NIO) Q3 2024 Earnings Call Transcript,2024-11-20 18:24:10,NIO INC_NIO_Headlines
"Stocks to Watch Wednesday: Nvidia, Target, NIO",2024-11-20 18:24:10,NIO INC_NIO_Headlines
"Trending tickers: Nvidia, Nokia, Walmart, Volkswagen and British Land",2024-11-20 18:24:10,NIO INC_NIO_Headlines
NIO’s Net Loss Widens on Lower Revenue Amid EV Pricing Pressure,2024-11-20 18:24:10,NIO INC_NIO_Headlines
NIO Inc. Reports Unaudited Third Quarter 2024 Financial Results,2024-11-20 18:24:10,NIO INC_NIO_Headlines
"Nvidia Q3 earnings, Fed commentary: What to Watch",2024-11-19 18:24:10,NIO INC_NIO_Headlines
Nio Faces Key Q3 Test as EV Deliveries Rise and Hybrid Plans Take Shape,2024-11-19 18:24:10,NIO INC_NIO_Headlines
What's Going On With NIO Stock Following Strong Q3 Results From Top Peer XPeng?,2024-11-19 18:24:10,NIO INC_NIO_Headlines
Billionaire Israel Englander Dumped 90% of Millennium's Stake in Palantir in Favor of This Hypergrowth Electric-Vehicle (EV) Stock,2024-11-19 18:24:10,NIO INC_NIO_Headlines
Things to Note Ahead of NIO's Q3 Earnings: Is the Stock a Buy Now?,2024-11-18 18:24:10,NIO INC_NIO_Headlines
Should You Buy Nio Stock While It's Below Its IPO Price?,2024-11-17 18:24:10,NIO INC_NIO_Headlines
