Company,Title,Published,Source,Summary
news_nio,"""NIO's Q3 Earnings Preview: What to Expect""","November 18, 2024",The Motley Fool,"This article offered an in-depth analysis of NIO's anticipated third-quarter results, discussing expected vehicle delivery numbers and potential revenue figures."
news_nio,"NIO's Upcoming Earnings: Can the EV Maker Meet Expectations?""","November 17, 2024",CNBC,"CNBC examined the factors that could influence NIO's earnings, including market competition and production capabilities."
news_nio,"Analysts Predict Strong Q3 for NIO Amidst EV Market Growth""","November 16, 2024",Reuters,"Reuters reported on analysts' optimistic forecasts for NIO's third-quarter performance, citing increased demand for electric vehicles in China."
news_nio,"NIO's Q3 Earnings: Key Metrics to Watch""","November 15, 2024",Bloomberg,"Bloomberg highlighted critical metrics investors should monitor in NIO's upcoming earnings report, such as gross margins and vehicle delivery figures."
news_nio,"NIO's Expansion Plans Ahead of Earnings Release""","November 14, 2024",Financial Times,This article discussed NIO's strategic expansion efforts and how they might impact the company's financial performance in the upcoming earnings report.
news_nio,"Electric Vehicle Market Dynamics: NIO's Position Before Earnings""","November 13, 2024",Wall Street Journal,The Wall Street Journal analyzed the competitive landscape of the EV market and NIO's positioning ahead of its earnings announcement.
news_nio,"NIO's Stock Performance Leading Up to Q3 Earnings""","November 12, 2024",MarketWatch,"MarketWatch provided an overview of NIO's stock movements in the weeks preceding the earnings report, offering insights into investor sentiment."
news_nio,"What Investors Should Know Before NIO's Earnings Call""","November 11, 2024",Seeking Alpha,"Seeking Alpha outlined key considerations for investors ahead of NIO's earnings call, including potential risks and growth opportunities."
news_nio,"NIO's Production Milestones Ahead of Earnings""","November 10, 2024",TechCrunch,TechCrunch reported on NIO's recent production achievements and their potential influence on the forthcoming earnings report.
news_nio,"NIO's Market Share Growth Prior to Q3 Results""","November 9, 2024",Forbes,Forbes analyzed NIO's increasing market share in the EV sector and its implications for the company's financial health ahead of the earnings release.
news_intu,"""Intuit's AI Initiatives Poised to Drive Future Growth""","November 15, 2024",TechCrunch,"Summary: This article discusses Intuit's strategic investments in artificial intelligence, highlighting the launch of AI-powered features across its product suite, including QuickBooks and TurboTax, aimed at enhancing user experience and operational efficiency."
news_intu,"Analysts Anticipate Strong Q1 Earnings for Intuit Amid Tax Season Preparations""","November 14, 2024",Bloomberg,"Summary: Financial analysts express optimism about Intuit's upcoming earnings, citing increased adoption of its tax preparation software and small business solutions as key growth drivers for the quarter."
news_intu,"Intuit's Mailchimp Acquisition: A Year Later, Integration and Performance Review""","November 12, 2024",The Wall Street Journal,"Summary: An in-depth analysis of how Intuit's acquisition of Mailchimp has integrated into its ecosystem, evaluating the impact on revenue streams and customer engagement over the past year."
news_intu,"Intuit Expands QuickBooks Online with New Features for Freelancers""","November 10, 2024",Forbes,"Summary: Coverage of Intuit's recent updates to QuickBooks Online, introducing tools tailored for freelancers and gig economy workers to manage invoices, expenses, and tax obligations more effectively."
news_intu,"Market Watch: Intuit's Stock Performance Ahead of Earnings Release""","November 9, 2024",CNBC,"Summary: A market analysis focusing on Intuit's stock trajectory in the weeks leading up to its earnings report, examining investor sentiment and trading volumes."
news_intu,"Intuit Partners with Major Banks to Enhance Financial Data Integration""","November 7, 2024",Reuters,"Summary: Details on Intuit's new partnerships with several major banks to improve data integration within its financial software, aiming to provide users with more seamless and accurate financial insights."
news_intu,"Intuit's Strategic Moves in the Small Business Sector: What to Expect""","November 5, 2024",Business Insider,"Summary: An exploration of Intuit's recent strategies targeting small businesses, including product enhancements and marketing campaigns designed to capture a larger market share."
news_intu,"Upcoming Earnings: What Analysts Predict for Intuit's Q1 Performance""","November 3, 2024",MarketWatch,"Summary: A compilation of analyst forecasts for Intuit's first-quarter earnings, highlighting expectations for revenue growth and potential challenges."
news_intu,"Intuit's Environmental Initiatives: Progress and Future Goals""","November 1, 2024",The Guardian,"Summary: An overview of Intuit's sustainability efforts, including recent achievements in reducing carbon emissions and plans for future environmental initiatives."
news_intu,"Consumer Trends: How Intuit's TurboTax Prepares for the Upcoming Tax Season""","October 30, 2024",USA Today,"Summary: Insights into how Intuit is gearing up for the upcoming tax season, with a focus on new features in TurboTax designed to simplify the filing process for consumers."
news_nvda,"""Nvidia's AI Dominance Faces New Challenges""",Unknown,Unknown,This article discusses emerging competitors in the AI chip market and their potential impact on Nvidia's market share.
news_nvda,"Analysts Predict Strong Earnings for Nvidia Amid AI Boom""",Unknown,Unknown,"Financial analysts forecast robust earnings for Nvidia, attributing growth to increased demand for AI technologies."
news_nvda,"Nvidia's Stock Surge: Can It Be Sustained?""",Unknown,Unknown,"An exploration of Nvidia's stock performance, questioning whether the upward trend is sustainable in the long term."
news_nvda,"Nvidia's Data Center Revenue Expected to Soar""",Unknown,Unknown,"Projections indicate significant growth in Nvidia's data center segment, driven by AI and cloud computing demands."
news_nvda,"Upcoming Earnings: What to Expect from Nvidia""",Unknown,Unknown,"A preview of Nvidia's anticipated earnings report, highlighting key metrics and areas of interest for investors."
news_nvda,"Nvidia's New AI Chip Set to Revolutionize the Market""",Unknown,Unknown,Coverage of Nvidia's latest AI chip release and its potential implications for the industry.
news_nvda,"Investor Sentiment High Ahead of Nvidia's Earnings""",Unknown,Unknown,An analysis of investor confidence and market sentiment leading up to Nvidia's earnings announcement.
news_nvda,"Nvidia's Strategic Partnerships Bolster AI Leadership""",Unknown,Unknown,Details on Nvidia's recent collaborations aimed at strengthening its position in the AI sector.
news_nvda,"Market Watch: Nvidia's Earnings Could Set New Records""",Unknown,Unknown,Speculation on whether Nvidia's upcoming earnings report will surpass previous records.
news_nvda,"Nvidia's Expansion into New Markets Raises Investor Interest""",Unknown,Unknown,An examination of Nvidia's ventures into emerging markets and the resulting investor enthusiasm.
news_panw,"""Palo Alto Networks Earnings Preview: What to Expect""","November 5, 2024",The Motley Fool,"Summary: An analysis of anticipated outcomes for Palo Alto Networks' upcoming earnings report, focusing on revenue projections and market expectations."
news_panw,"Cybersecurity Stocks to Watch Ahead of Earnings Season""","November 7, 2024",CNBC,"Summary: A feature on key cybersecurity companies, including Palo Alto Networks, highlighting factors that could influence their financial performance in the forthcoming earnings season."
news_panw,"Analysts Predict Strong Q1 for Palo Alto Networks Amid Rising Cyber Threats""","November 8, 2024",Reuters,"Summary: Analysts' forecasts suggesting robust quarterly results for Palo Alto Networks, driven by increased demand for cybersecurity solutions."
news_panw,"Palo Alto Networks' Platform Strategy Poised to Drive Growth""","November 10, 2024",Forbes,Summary: An exploration of how the company's platformization approach may contribute to its financial success in the upcoming earnings report.
news_panw,"What to Expect from Palo Alto Networks' Upcoming Earnings""","November 12, 2024",Zacks Investment Research,"Summary: A detailed preview of expected earnings, revenue, and key metrics for Palo Alto Networks ahead of their financial disclosure."
news_panw,"Palo Alto Networks Set to Announce Q1 Earnings: Key Factors to Watch""","November 13, 2024",MarketWatch,"Summary: An article outlining critical elements investors should monitor in the forthcoming earnings release, including customer acquisition and product innovation."
news_panw,"Cybersecurity Earnings Preview: Palo Alto Networks in Focus""","November 14, 2024",Barron's,"Summary: A discussion on the cybersecurity sector's earnings outlook, with a particular emphasis on Palo Alto Networks' performance indicators."
news_panw,"Palo Alto Networks Earnings: Will Platformization Pay Off?""","November 15, 2024",Seeking Alpha,Summary: An analysis questioning whether the company's strategy of integrating multiple security services into a single platform will reflect positively in the earnings report.
news_panw,"Investors Eye Palo Alto Networks' Earnings Amid Cybersecurity Demand Surge""","November 17, 2024",Bloomberg,"Summary: An overview of investor sentiment and expectations for Palo Alto Networks' earnings, considering the heightened demand for cybersecurity solutions."
news_panw,"Palo Alto Networks Earnings: Key Metrics to Watch""","November 18, 2024",The Street,Summary: A guide highlighting the essential financial metrics and business segments to focus on in the upcoming earnings announcement.
news_keys,"""Keysight Technologies to Announce Fourth Quarter and Fiscal Year 2024 Financial Results on November 19, 2024""","November 5, 2024",Unknown,"Keysight Technologies announced the date for releasing its Q4 and full-year 2024 financial results, scheduled for November 19, 2024."
news_keys,"Analysts Anticipate Strong Earnings for Keysight Technologies Amid AI Sector Growth""","November 10, 2024",Unknown,"Analysts projected robust earnings for Keysight Technologies, citing increased demand in the AI sector as a significant growth driver."
news_keys,"Keysight Technologies Expands AI Testing Solutions Portfolio""","November 12, 2024",Unknown,"Keysight announced the expansion of its AI testing solutions, aiming to support the growing needs of AI developers and researchers."
news_keys,"Keysight Technologies Partners with Leading Semiconductor Firm to Enhance 5G Testing""","November 13, 2024",Unknown,"The company entered into a partnership with a major semiconductor firm to advance 5G testing capabilities, enhancing its market position in telecommunications."
news_keys,"Market Analysts Upgrade Keysight Technologies Ahead of Earnings Release""","November 14, 2024",Unknown,"Several market analysts upgraded their ratings for Keysight Technologies, expressing optimism about the upcoming earnings report."
news_keys,"Keysight Technologies to Participate in Upcoming Investor Conferences""","November 15, 2024",Unknown,"The company announced its participation in several investor conferences, aiming to engage with stakeholders and discuss future strategies."
news_keys,"Keysight Technologies Launches New Quantum Computing Test Solutions""","November 16, 2024",Unknown,"Keysight introduced new test solutions for quantum computing, positioning itself in the emerging quantum technology market."
news_keys,"Investors Eye Keysight Technologies' Earnings Amid Tech Sector Volatility""","November 17, 2024",Unknown,"Investors closely monitored Keysight's upcoming earnings report, considering the broader volatility in the technology sector."
news_keys,"Keysight Technologies Expands Global Presence with New R&D Center""","November 18, 2024",Unknown,The company announced the opening of a new research and development center to drive innovation and support global operations.
news_sym,"""Symbotic's Q4 Earnings Preview: Analysts Anticipate Strong Performance""",Unknown,Zacks Investment Research,"Sentiment: Positive Date: November 13, 2024 Summary: Analysts project a 20.3% revenue increase for Symbotic's fourth quarter, expecting earnings of $0.03 per share, indicating significant growth. NASDAQ"
news_sym,"Symbotic Set to Post Quarterly Earnings on Monday""",Unknown,ETF Daily News,"Sentiment: Neutral Date: November 16, 2024 Summary: Symbotic is scheduled to release its quarterly earnings data after the market closes on November 18th, with analysts expecting earnings of $0.03 per share. ETF DAILY NEWS"
news_sym,"Symbotic's Upcoming Earnings: What Investors Should Know""",Unknown,MarketBeat,"Sentiment: Neutral Date: November 16, 2024 Summary: Symbotic is set to announce its quarterly earnings on November 18, 2024, with expectations of $0.03 earnings per share, reflecting a year-over-year increase of 137.5%."
news_tgt,"""Target's Q3 Earnings Preview: What to Watch""",Unknown,Unknown,"This article offered an analysis of key metrics and factors to monitor ahead of Target's third-quarter earnings release, including sales trends and profit margins."
news_tgt,"Retail Sector Braces for Earnings Season Amid Economic Uncertainty""",Unknown,Unknown,"Discussing the broader retail landscape, this piece highlighted how companies like Target were preparing for earnings amid inflationary pressures and shifting consumer behaviors."
news_tgt,"Analysts Predict Mixed Results for Target's Upcoming Earnings""",Unknown,Unknown,"Financial analysts provided forecasts for Target's earnings, anticipating potential challenges in discretionary spending categories."
news_tgt,"Target's Strategic Initiatives Ahead of Earnings Call""",Unknown,Unknown,"An overview of Target's recent strategies, such as price adjustments and inventory management, aimed at bolstering performance before the earnings announcement."
news_tgt,"Consumer Spending Trends May Impact Target's Q3 Results""",Unknown,Unknown,This article examined how current consumer spending patterns could influence Target's financial outcomes in the upcoming earnings report.
news_tgt,"Target's Digital Sales Growth in Focus Pre-Earnings""",Unknown,Unknown,"Highlighting the importance of e-commerce, the piece analyzed Target's digital sales trajectory leading up to the earnings release."
news_tgt,"Supply Chain Challenges Loom Over Target's Earnings""",Unknown,Unknown,"Discussing ongoing supply chain disruptions, this article explored potential impacts on Target's inventory and sales figures."
news_tgt,"Market Expectations for Target's Q3 Performance""",Unknown,Unknown,A summary of investor sentiment and market expectations regarding Target's financial performance ahead of the earnings report.
news_tgt,"Target's Competitive Positioning Ahead of Earnings""",Unknown,Unknown,"Analyzing Target's market stance relative to competitors, this piece provided context for the anticipated earnings outcomes."
news_tgt,"Economic Indicators Suggest Caution for Retail Earnings""",Unknown,Unknown,This article reviewed economic indicators that could signal challenges for retailers like Target in their upcoming earnings reports.
news_wmt,"""Walmart's Q3 Earnings Preview: Analysts Anticipate Strong Sales Amid Inflation""",Unknown,Reuters,"Summary: Analysts predict robust third-quarter sales for Walmart, attributing potential growth to consumers seeking value during inflationary periods."
news_wmt,"Walmart's E-commerce Expansion: A Key Driver for Upcoming Earnings?""",Unknown,TechCrunch,Summary: Explores how Walmart's investments in online shopping platforms may influence its financial outcomes in the forthcoming earnings report.
news_wmt,"Retail Giant Walmart Set to Surpass Earnings Expectations, Say Experts""",Unknown,CNBC,"Summary: Financial experts forecast that Walmart will exceed earnings projections, citing effective cost management and strategic pricing."
news_wmt,"Walmart's Strategic Price Cuts: Will They Boost Holiday Season Sales?""",Unknown,The Wall Street Journal,Summary: Analyzes Walmart's recent price reduction strategies and their potential impact on consumer spending during the holiday season.
news_wmt,"Walmart's International Ventures: A Boon or Bane for Upcoming Earnings?""",Unknown,Financial Times,Summary: Discusses the implications of Walmart's global operations on its financial health ahead of the earnings announcement.
news_wmt,"Walmart's Stock Performance: Investors Eyeing Positive Earnings Surprise""",Unknown,Bloomberg,"Summary: Highlights investor optimism surrounding Walmart's stock, fueled by expectations of favorable earnings results."
news_wmt,"Supply Chain Challenges: How Is Walmart Navigating the Crisis?""",Unknown,The New York Times,Summary: Examines Walmart's strategies to mitigate supply chain disruptions and their potential effects on the company's earnings.
news_wmt,"Walmart's Workforce Investments: Preparing for a Strong Earnings Report?""",Unknown,Forbes,Summary: Looks into Walmart's recent employee wage increases and training programs as factors that might influence its financial performance.
news_wmt,"Consumer Spending Shifts: Walmart Positioned to Benefit in Upcoming Earnings""",Unknown,MarketWatch,"Summary: Analyzes trends in consumer behavior favoring discount retailers like Walmart, potentially leading to positive earnings outcomes."
news_wmt,"Walmart's Digital Transformation: A Catalyst for Earnings Growth?""",Unknown,Business Insider,Summary: Explores how Walmart's adoption of digital technologies could drive efficiency and profitability in the upcoming earnings report.
news_snow,"""Snowflake Set to Report Q3 Earnings: Buy, Hold or Sell SNOW Stock?""","November 18, 2024",Unknown,"This article discusses expectations for Snowflake's third-quarter fiscal 2025 results, highlighting the company's strong portfolio and potential margin pressures due to rising GPU costs. YAHOO"
news_snow,"Snowflake Stock Is a Buy Before Earnings, Analysts Say. Just Look at Palantir.""","November 13, 2024",Unknown,"Analysts suggest that Snowflake is well-positioned to benefit from increased demand for generative AI, drawing parallels with Palantir's recent performance. BARRON'S"
news_snow,"Nvidia, Walmart, Deere, Target, Snowflake, and More Stocks to Watch This Week""","November 17, 2024",Unknown,"This piece highlights key companies, including Snowflake, scheduled to release earnings reports, providing context for investors. BARRON'S"
news_snow,"Snowflake to Announce Financial Results for the Third Quarter of Fiscal 2025 on November 20, 2024""","November 5, 2024",Unknown,An official announcement from Snowflake regarding the date of their upcoming earnings release. SNOWFLAKE INVESTORS
news_snow,"Snowflake: Riding The Avalanche Of Innovation""","November 14, 2024",Unknown,"An analysis of Snowflake's growth potential and value proposition, emphasizing its unique consumption-based model and AI capabilities."
news_snow,"Snowflake's AI Data Cloud: A Game Changer?""","November 10, 2024",Unknown,This article explores Snowflake's advancements in AI integration within its data cloud platform and the potential market impact.
news_snow,"Snowflake's Strategic Partnerships Ahead of Earnings""","November 12, 2024",Unknown,A review of Snowflake's recent collaborations and their anticipated influence on the company's financial performance.
news_snow,"Analysts Predict Strong Q3 for Snowflake Amid AI Boom""","November 15, 2024",Unknown,"Market analysts forecast robust third-quarter results for Snowflake, citing the surge in AI-driven data solutions."
news_snow,"Snowflake's Expansion into New Markets: What to Expect""","November 9, 2024",Unknown,An examination of Snowflake's entry into emerging markets and the potential implications for its growth trajectory.
news_snow,"Investor Sentiment High as Snowflake's Earnings Approach""","November 16, 2024",Unknown,"A report on investor optimism leading up to Snowflake's earnings release, highlighting key factors driving positive sentiment."
news_powl,Earnings To Watch: Powell (POWL) Reports Q3 Results Tomorrow,Unknown,Unknown,Electrical energy control systems manufacturer Powell (NYSE:POWL) will be reporting results tomorrow after market hours. Here’s what to look for. StockStory
news_powl,"Jim Cramer on Powell Industries, Inc. (POWL): ‘Up Almost 259% For The Year’",Unknown,Unknown,"OSIS POWL  We recently compiled a list of the Jim Cramer’s Best Performers List: Top 10 Stocks. In this article, we are going to take a look at where Powell Industries, Inc. (NASDAQ:POWL) stands against the other stocks on Jim Cramer’s list of best performers list. On Wednesday’s Mad Money episode, Jim Cramer took a deep dive into […] Insider Monkey Stock Change: -3.20%"
news_powl,Powell's Q4 Earnings Coming Up: Should You Grab the Stock Now?,Unknown,Unknown,"POWL  As POWL gears up to report fiscal fourth-quarter earnings, let us find out how the expectations stack up and whether it is the right time to buy the stock. Zacks Stock Change: -3.20%"
news_powl,"Powell Industries, Inc. (POWL) is Attracting Investor Attention: Here is What You Should Know",Unknown,Unknown,"POWL  Powell Industries (POWL) has received quite a bit of attention from Zacks.com users lately. Therefore, it is wise to be aware of the facts that can impact the stock's prospects. Zacks Stock Change: -3.20%"
news_powl,Powell Industries (POWL) Outperforms Broader Market: What You Need to Know,Unknown,Unknown,"POWL  Zacks Stock Change: The latest trading day saw Powell Industries (POWL) settling at $352.37, representing a +1.73% change from its previous close."
news_powl,"Is Powell Industries, Inc.'s (NASDAQ:POWL) Recent Stock Performance Tethered To Its Strong Fundamentals?",Unknown,Unknown,Powell Industries (NASDAQ:POWL) has had a great run on the share market with its stock up by a significant 112% over... Simply Wall St.
news_powl,Powell Industries Announces Date and Conference Call for Fiscal 2024 Fourth Quarter and Full Year Results,Unknown,Unknown,"POWL  HOUSTON, Nov. 05, 2024 (GLOBE NEWSWIRE) -- Powell Industries, Inc. (NASDAQ: POWL), a leading supplier of custom engineered solutions for the management, control and distribution of electrical energy, today announced that it will release results for the fiscal fourth quarter and year ended September 30, 2024 on Tuesday, November 19, 2024 after the market closes. In conjunction with the release, Powell Industries has scheduled a conference call, which will be broadcast live within the Investor Rel GlobeNewswire Stock Change: -3.20%"
news_powl,Powell Industries Declares Quarterly Cash Dividend,Unknown,Unknown,"POWL  HOUSTON, Nov. 05, 2024 (GLOBE NEWSWIRE) -- Powell Industries, Inc. (NASDAQ: POWL), a leading supplier of custom engineered solutions for the management, control and distribution of electrical energy, today announced that its Board of Directors has declared a quarterly cash dividend on the Company’s common stock of $0.2650 per share. The dividend is payable on December 18, 2024 to shareholders of record at the close of business on November 20, 2024. Powell Industries, Inc., headquartered in Houst GlobeNewswire Stock Change: -3.20%"
news_powl,"Powell Industries, Inc. (POWL) Is a Trending Stock: Facts to Know Before Betting on It",Unknown,Unknown,"POWL  Powell Industries (POWL) has received quite a bit of attention from Zacks.com users lately. Therefore, it is wise to be aware of the facts that can impact the stock's prospects. Zacks Stock Change: -3.20%"
news_powl,Powell Industries (POWL) Gains As Market Dips: What You Should Know,Unknown,Unknown,"POWL  Zacks Stock Change: Powell Industries (POWL) closed the most recent trading day at $255.12, moving +0.28% from the previous trading session."
news_powl,Powell (NASDAQ:POWL) Q2 Earnings: Leading The Electrical Systems Pack,Unknown,Unknown,"POWL  As the Q2 earnings season comes to a close, it’s time to take stock of this quarter’s best and worst performers in the electrical systems industry, including Powell (NASDAQ:POWL) and its peers. Stock Change: -3.20%"
