comment,score,created_utc,company
"Some implied moves for earnings next week( up or down degenerates) -136 companies reporting:

[$NVDA](https://x.com/search?q=%24NVDA&src=cashtag_click) 9.8%  
[$SNOW](https://x.com/search?q=%24SNOW&src=cashtag_click) 11.6%  
[$PANW](https://x.com/search?q=%24PANW&src=cashtag_click) 8.8%  
[$WMT](https://x.com/search?q=%24WMT&src=cashtag_click) 5.3%  
[$LOW](https://x.com/search?q=%24LOW&src=cashtag_click) 4.3%  
[$TGT](https://x.com/search?q=%24TGT&src=cashtag_click) 9.0%  
[$ESTC](https://x.com/search?q=%24ESTC&src=cashtag_click) 16.9%  
[$ROST](https://x.com/search?q=%24ROST&src=cashtag_click) 6.3%  
[$NTAP](https://x.com/search?q=%24NTAP&src=cashtag_click) 8.0%  
[$BIDU](https://x.com/search?q=%24BIDU&src=cashtag_click) 6.4%  
[$PDD](https://x.com/search?q=%24PDD&src=cashtag_click) 9.4%  
[$DE](https://x.com/search?q=%24DE&src=cashtag_click) 5.5%  
[$JACK](https://x.com/search?q=%24JACK&src=cashtag_click) 15.9%  
[$TJX](https://x.com/search?q=%24TJX&src=cashtag_click) 4.7%  
[$WIX](https://x.com/search?q=%24WIX&src=cashtag_click) 13.3%  
[$DY](https://x.com/search?q=%24DY&src=cashtag_click) 14.4%  
[$WSM](https://x.com/search?q=%24WSM&src=cashtag_click) 13.7%  
[$INTU](https://x.com/search?q=%24INTU&src=cashtag_click) 5.5%  
[$GAP](https://x.com/search?q=%24GAP&src=cashtag_click) 13.2%  
[$CPRT](https://x.com/search?q=%24CPRT&src=cashtag_click) 7.2%   
[$MDT](https://x.com/search?q=%24MDT&src=cashtag_click) 3.7%  
[$ZTO](https://x.com/search?q=%24ZTO&src=cashtag_click) 11.0%  
[$NIO](https://x.com/search?q=%24NIO&src=cashtag_click) 11.8%  
[$FUTU](https://x.com/search?q=%24FUTU&src=cashtag_click) 10.1%  
[$XPEV](https://x.com/search?q=%24XPEV&src=cashtag_click) 11.2%  
[$SCVL](https://x.com/search?q=%24SCVL&src=cashtag_click) 13.3%  
[$SYM](https://x.com/search?q=%24SYM&src=cashtag_click) 19.7%",81,1731858258.0,intu
"since I just did the work; you can copy paste this into a notepad file, save and import to tradingview watchlist for all the tickers in order of earnings:

NASDAQ:BTBT,NASDAQ:BTDR,NASDAQ:EH,NYSE:BRC,NASDAQ:TWST,NASDAQ:MOND,NASDAQ:CLRB,NASDAQ:SYM,NASDAQ:TCOM,NYSE:BRBR,NYSE:TUYA,NYSE:ACM,NASDAQ:ZENV,NASDAQ:IIIV,NASDAQ:NRXP,NYSE:WMT,NASDAQ:WKHS,NYSE:LOW,NYSE:XPEV,NYSE:MDT,NASDAQ:FUTU,NYSE:VIPS,NYSE:VIK,NASDAQ:ATAT,NYSE:MYTE,NASDAQ:POWL,NYSE:AZEK,NYSE:KEYS,NYSE:ZTO,NYSE:LZB,NYSE:KORE,NYSE:DLB,NYSE:DNMR,NASDAQ:SBLK,NASDAQ:QFIN,NYSE:NIO,NYSE:TGT,NYSE:ZIM,NYSE:TJX,NASDAQ:WIX,NYSE:DY,NYSE:WSM,NYSE:BERY,NASDAQ:GLBE,NYSE:RERE,NASDAQ:NVDA,NYSE:SNOW,NASDAQ:PANW,NASDAQ:JACK,NYSE:CPA,NYSE:SQM,NYSE:MMS,NYSE:CCIF,NASDAQ:ESEA,NYSE:BBAR,NASDAQ:BIDU,NASDAQ:PDD,NYSE:DE,NYSE:BJ,NYSE:VSTS,NASDAQ:WMG,NYSE:BEKE,NASDAQ:IQ,NASDAQ:NNOX,NASDAQ:SCVL,NASDAQ:INTU,NYSE:ESTC,NYSE:GAP,NASDAQ:ROST,NASDAQ:NTAP,NASDAQ:CPRT,NYSE:UGI,NASDAQ:MATW,NYSE:NGVC,NASDAQ:LGTY,NYSE:GB,NASDAQ:ADXN

  
[https://www.tradingview.com/support/solutions/43000487233-how-to-import-or-export-watchlist/](https://www.tradingview.com/support/solutions/43000487233-how-to-import-or-export-watchlist/)

  
I know... I know.... only NVDA matters ![img](emote|t5_2th52|4260)",67,1731689397.0,intu
Intuit will say the magic word (AI) and their stock will go parabolic.,7,1732219596.0,intu
Why‚Äôs isn‚Äôt intuit down more? That‚Äôs a shitty report,5,1732225079.0,intu
"I wanna buy INTU puts cause trump wants to abolish income tax and I hate the company, but they expensive af",3,1732212863.0,intu
"INTU should be down more! Weak forecast, promotion delays, below expected profit! Shit ass company. Over valued!",3,1732224151.0,intu
Is INTU put gonna print ![img](emote|t5_2th52|4260),4,1732219897.0,intu
"Intu- mango wants to get rid of federal taxes and IRS still rolling out their direct filing system

Poots?",2,1731687000.0,intu
how do we feel about intuit earnings coming up?,2,1732033098.0,intu
Step $INTU what are you doin?,2,1732223333.0,intu
Anyone playing intuit?,1,1732212661.0,intu
"""which company has the biggest potential to move to the up or downside""

# ChatGPT said:

Among the companies reporting earnings tomorrow, **Elastic (ESTC)** and **Intuit (INTU)** appear to have significant potential for stock movement.

1. **Elastic (ESTC):** Analysts expect notable volatility due to its high-growth profile and focus on AI-driven enterprise software. Its performance depends on cloud adoption trends and margin improvements‚Äã.
2. **Intuit (INTU):** Intuit's results could be pivotal given its substantial institutional ownership (83%) and recent concerns over insider stock sales. Its flagship products (e.g., TurboTax) are highly sensitive to guidance revisions‚Äã.

Both companies are in sectors with growth drivers but face differing risks, making them likely candidates for big price reactions post-earnings.

""in which direction""

# ChatGPT said:

1. **Elastic (ESTC):** Likely **upside potential** if it beats expectations for revenue growth and cloud adoption, as it has historically responded positively to strong results. However, high valuations could magnify downside if it misses guidance‚Äã.
2. **Intuit (INTU):** Mixed sentiment. Strong results in its small business and AI offerings could push it **up**, but recent insider sales and sector-wide competitive pressures suggest possible **downside risk**‚Äã.

Markets currently favor **Elastic** for upside and are cautious on **Intuit**.

""how big of a positive move do you think is possible given all the information available to you""

# ChatGPT said:

1. **Elastic (ESTC):** Potential for a **10-15% upside**, as growth stocks in the software sector often react strongly to earnings beats, particularly if revenue growth or margins exceed expectations. Recent AI-driven product developments could amplify optimism‚Äã.
2. **Intuit (INTU):** A **5-10% positive move** is plausible if its small business ecosystem and AI tools outperform expectations. However, its high market cap may limit extreme upside unless guidance surprises significantly

Ok I guess...",1,1732214511.0,intu
"Short intuit? Tax code about to get skewered, no?",0,1731699884.0,intu
"Thanks for the pic re: earnings thread. Not sure what's going to happen with NVDA because semi's have rolled over of late. Could go either way, but I wouldn't bet against Jenson. I'll be looking at TCOM, WMT, VIK, INTU only because tech has been pulling back. Do you have any faves?",2,1731691346.0,intu
INTU puts,1,1732222508.0,intu
Opps and Intuit!,1,1732150441.0,intu
620p 11/29 not sure if i should sell at open since last time INTU kept drilling after open,1,1732239065.0,intu
"since I just did the work; you can copy paste this into a notepad file, save and import to tradingview watchlist for all the tickers in order of earnings:

NASDAQ:BTBT,NASDAQ:BTDR,NASDAQ:EH,NYSE:BRC,NASDAQ:TWST,NASDAQ:MOND,NASDAQ:CLRB,NASDAQ:SYM,NASDAQ:TCOM,NYSE:BRBR,NYSE:TUYA,NYSE:ACM,NASDAQ:ZENV,NASDAQ:IIIV,NASDAQ:NRXP,NYSE:WMT,NASDAQ:WKHS,NYSE:LOW,NYSE:XPEV,NYSE:MDT,NASDAQ:FUTU,NYSE:VIPS,NYSE:VIK,NASDAQ:ATAT,NYSE:MYTE,NASDAQ:POWL,NYSE:AZEK,NYSE:KEYS,NYSE:ZTO,NYSE:LZB,NYSE:KORE,NYSE:DLB,NYSE:DNMR,NASDAQ:SBLK,NASDAQ:QFIN,NYSE:NIO,NYSE:TGT,NYSE:ZIM,NYSE:TJX,NASDAQ:WIX,NYSE:DY,NYSE:WSM,NYSE:BERY,NASDAQ:GLBE,NYSE:RERE,NASDAQ:NVDA,NYSE:SNOW,NASDAQ:PANW,NASDAQ:JACK,NYSE:CPA,NYSE:SQM,NYSE:MMS,NYSE:CCIF,NASDAQ:ESEA,NYSE:BBAR,NASDAQ:BIDU,NASDAQ:PDD,NYSE:DE,NYSE:BJ,NYSE:VSTS,NASDAQ:WMG,NYSE:BEKE,NASDAQ:IQ,NASDAQ:NNOX,NASDAQ:SCVL,NASDAQ:INTU,NYSE:ESTC,NYSE:GAP,NASDAQ:ROST,NASDAQ:NTAP,NASDAQ:CPRT,NYSE:UGI,NASDAQ:MATW,NYSE:NGVC,NASDAQ:LGTY,NYSE:GB,NASDAQ:ADXN

  
[https://www.tradingview.com/support/solutions/43000487233-how-to-import-or-export-watchlist/](https://www.tradingview.com/support/solutions/43000487233-how-to-import-or-export-watchlist/)

  
I know... I know.... only NVDA matters ![img](emote|t5_2th52|4260)",67,1731689397.0,keys
Hopeful tomorrow I make gains on KEYS,5,1732050738.0,keys
Anyone taking a play on KEYS??? Given the sector odds their work id expect a good report and direction,2,1732040383.0,keys
Got in on KEYS at 152 about an hour ago. Sell or hold on?,0,1732051207.0,keys
"Don't know which direction I will play them yet; however, KEYS, ESTC, & NTAP all fly under the radar compared to the biggest names and have significant moves. TCOM & LAZB also might be worth looking into.",11,1731684005.0,keys
I have stock in KEYS just because I use a lot of their test and measurement equipment. Their N5186A MXG Vector Sig Gen looks nice.,3,1732044467.0,keys
"Some implied moves for earnings next week( up or down degenerates) -136 companies reporting:

[$NVDA](https://x.com/search?q=%24NVDA&src=cashtag_click) 9.8%  
[$SNOW](https://x.com/search?q=%24SNOW&src=cashtag_click) 11.6%  
[$PANW](https://x.com/search?q=%24PANW&src=cashtag_click) 8.8%  
[$WMT](https://x.com/search?q=%24WMT&src=cashtag_click) 5.3%  
[$LOW](https://x.com/search?q=%24LOW&src=cashtag_click) 4.3%  
[$TGT](https://x.com/search?q=%24TGT&src=cashtag_click) 9.0%  
[$ESTC](https://x.com/search?q=%24ESTC&src=cashtag_click) 16.9%  
[$ROST](https://x.com/search?q=%24ROST&src=cashtag_click) 6.3%  
[$NTAP](https://x.com/search?q=%24NTAP&src=cashtag_click) 8.0%  
[$BIDU](https://x.com/search?q=%24BIDU&src=cashtag_click) 6.4%  
[$PDD](https://x.com/search?q=%24PDD&src=cashtag_click) 9.4%  
[$DE](https://x.com/search?q=%24DE&src=cashtag_click) 5.5%  
[$JACK](https://x.com/search?q=%24JACK&src=cashtag_click) 15.9%  
[$TJX](https://x.com/search?q=%24TJX&src=cashtag_click) 4.7%  
[$WIX](https://x.com/search?q=%24WIX&src=cashtag_click) 13.3%  
[$DY](https://x.com/search?q=%24DY&src=cashtag_click) 14.4%  
[$WSM](https://x.com/search?q=%24WSM&src=cashtag_click) 13.7%  
[$INTU](https://x.com/search?q=%24INTU&src=cashtag_click) 5.5%  
[$GAP](https://x.com/search?q=%24GAP&src=cashtag_click) 13.2%  
[$CPRT](https://x.com/search?q=%24CPRT&src=cashtag_click) 7.2%   
[$MDT](https://x.com/search?q=%24MDT&src=cashtag_click) 3.7%  
[$ZTO](https://x.com/search?q=%24ZTO&src=cashtag_click) 11.0%  
[$NIO](https://x.com/search?q=%24NIO&src=cashtag_click) 11.8%  
[$FUTU](https://x.com/search?q=%24FUTU&src=cashtag_click) 10.1%  
[$XPEV](https://x.com/search?q=%24XPEV&src=cashtag_click) 11.2%  
[$SCVL](https://x.com/search?q=%24SCVL&src=cashtag_click) 13.3%  
[$SYM](https://x.com/search?q=%24SYM&src=cashtag_click) 19.7%",82,1731858258.0,nio
"since I just did the work; you can copy paste this into a notepad file, save and import to tradingview watchlist for all the tickers in order of earnings:

NASDAQ:BTBT,NASDAQ:BTDR,NASDAQ:EH,NYSE:BRC,NASDAQ:TWST,NASDAQ:MOND,NASDAQ:CLRB,NASDAQ:SYM,NASDAQ:TCOM,NYSE:BRBR,NYSE:TUYA,NYSE:ACM,NASDAQ:ZENV,NASDAQ:IIIV,NASDAQ:NRXP,NYSE:WMT,NASDAQ:WKHS,NYSE:LOW,NYSE:XPEV,NYSE:MDT,NASDAQ:FUTU,NYSE:VIPS,NYSE:VIK,NASDAQ:ATAT,NYSE:MYTE,NASDAQ:POWL,NYSE:AZEK,NYSE:KEYS,NYSE:ZTO,NYSE:LZB,NYSE:KORE,NYSE:DLB,NYSE:DNMR,NASDAQ:SBLK,NASDAQ:QFIN,NYSE:NIO,NYSE:TGT,NYSE:ZIM,NYSE:TJX,NASDAQ:WIX,NYSE:DY,NYSE:WSM,NYSE:BERY,NASDAQ:GLBE,NYSE:RERE,NASDAQ:NVDA,NYSE:SNOW,NASDAQ:PANW,NASDAQ:JACK,NYSE:CPA,NYSE:SQM,NYSE:MMS,NYSE:CCIF,NASDAQ:ESEA,NYSE:BBAR,NASDAQ:BIDU,NASDAQ:PDD,NYSE:DE,NYSE:BJ,NYSE:VSTS,NASDAQ:WMG,NYSE:BEKE,NASDAQ:IQ,NASDAQ:NNOX,NASDAQ:SCVL,NASDAQ:INTU,NYSE:ESTC,NYSE:GAP,NASDAQ:ROST,NASDAQ:NTAP,NASDAQ:CPRT,NYSE:UGI,NASDAQ:MATW,NYSE:NGVC,NASDAQ:LGTY,NYSE:GB,NASDAQ:ADXN

  
[https://www.tradingview.com/support/solutions/43000487233-how-to-import-or-export-watchlist/](https://www.tradingview.com/support/solutions/43000487233-how-to-import-or-export-watchlist/)

  
I know... I know.... only NVDA matters ![img](emote|t5_2th52|4260)",67,1731689397.0,nio
I can‚Äôt believe Reddit went down earlier and I had to form my own thoughts and opinions for a whole 30 minutes.,30,1732138595.0,nio
NIO still exists?,9,1731692366.0,nio
CALLS ON NIO $5 2weeks out,10,1732050091.0,nio
nio calls,4,1731958046.0,nio
NIO calls,5,1732022894.0,nio
NIOüëÜüëÜüëÜ,7,1731685655.0,nio
"NIO has a borrow fee rate of 28%, MOASS coming soon?",3,1732206553.0,nio
"$PDD - Amazon is scared of them, so they made a new division called Haul just to compete with Temu. That is bullish in my opinion.",2,1731935326.0,nio
How we feeling about NIO tho,2,1731950539.0,nio
"cut losses, ask yourself if that money has the maximum potential where its at right now.

if its in google, my opinion is hell the fuck no",2,1732218508.0,nio
Time to buy stock that has a similar trajectory to nvidia before it topped out. My opinion is that rocket labs  and asts are good investments for the future.,-1,1732032455.0,nio
"High p/e stocks have a higher volatility. Say Tesla if it was a boring company doing the same thing for 20 years would have a value of maybe 40. Currently trades 320. So a huge percentage of the value is based on markets opinion of future growth in profits, basically sentinent. If that sentiment changes there is a far higher percentage of the valuation of the share to discount or not.",5,1731879662.0,nio
"Kind of hoping for momentum leading up to earnings and might cash out before then. I can‚Äôt imagine they won‚Äôt post good numbers and guidance, strong ‚Äúmaga‚Äù support there too I think (just my opinion from my experiences shopping there). 

Any thoughts?",1,1731704870.0,nio
"I feel like it will def move, but if it goes up I see it as possible to get 50% or more day 1, if it.goes down I see .80 .70 at the lowest. I do not see it staying in the 1.00 to 1.20 range.

This is an extremely low float micro cap stock relative to anything else we see on this sub. 

This is why I personally am doing like 90% shares, and only a few calls. Options are expensive for this as iv is literally like 200%. I won't tell you what to do,  but my opinion is that it will more violently in either direction and I'm leaning 80/20 to the updside.",2,1731840427.0,nio
"Some implied moves for earnings next week( up or down degenerates) -136 companies reporting:

[$NVDA](https://x.com/search?q=%24NVDA&src=cashtag_click) 9.8%  
[$SNOW](https://x.com/search?q=%24SNOW&src=cashtag_click) 11.6%  
[$PANW](https://x.com/search?q=%24PANW&src=cashtag_click) 8.8%  
[$WMT](https://x.com/search?q=%24WMT&src=cashtag_click) 5.3%  
[$LOW](https://x.com/search?q=%24LOW&src=cashtag_click) 4.3%  
[$TGT](https://x.com/search?q=%24TGT&src=cashtag_click) 9.0%  
[$ESTC](https://x.com/search?q=%24ESTC&src=cashtag_click) 16.9%  
[$ROST](https://x.com/search?q=%24ROST&src=cashtag_click) 6.3%  
[$NTAP](https://x.com/search?q=%24NTAP&src=cashtag_click) 8.0%  
[$BIDU](https://x.com/search?q=%24BIDU&src=cashtag_click) 6.4%  
[$PDD](https://x.com/search?q=%24PDD&src=cashtag_click) 9.4%  
[$DE](https://x.com/search?q=%24DE&src=cashtag_click) 5.5%  
[$JACK](https://x.com/search?q=%24JACK&src=cashtag_click) 15.9%  
[$TJX](https://x.com/search?q=%24TJX&src=cashtag_click) 4.7%  
[$WIX](https://x.com/search?q=%24WIX&src=cashtag_click) 13.3%  
[$DY](https://x.com/search?q=%24DY&src=cashtag_click) 14.4%  
[$WSM](https://x.com/search?q=%24WSM&src=cashtag_click) 13.7%  
[$INTU](https://x.com/search?q=%24INTU&src=cashtag_click) 5.5%  
[$GAP](https://x.com/search?q=%24GAP&src=cashtag_click) 13.2%  
[$CPRT](https://x.com/search?q=%24CPRT&src=cashtag_click) 7.2%   
[$MDT](https://x.com/search?q=%24MDT&src=cashtag_click) 3.7%  
[$ZTO](https://x.com/search?q=%24ZTO&src=cashtag_click) 11.0%  
[$NIO](https://x.com/search?q=%24NIO&src=cashtag_click) 11.8%  
[$FUTU](https://x.com/search?q=%24FUTU&src=cashtag_click) 10.1%  
[$XPEV](https://x.com/search?q=%24XPEV&src=cashtag_click) 11.2%  
[$SCVL](https://x.com/search?q=%24SCVL&src=cashtag_click) 13.3%  
[$SYM](https://x.com/search?q=%24SYM&src=cashtag_click) 19.7%",84,1731858258.0,nvda
"since I just did the work; you can copy paste this into a notepad file, save and import to tradingview watchlist for all the tickers in order of earnings:

NASDAQ:BTBT,NASDAQ:BTDR,NASDAQ:EH,NYSE:BRC,NASDAQ:TWST,NASDAQ:MOND,NASDAQ:CLRB,NASDAQ:SYM,NASDAQ:TCOM,NYSE:BRBR,NYSE:TUYA,NYSE:ACM,NASDAQ:ZENV,NASDAQ:IIIV,NASDAQ:NRXP,NYSE:WMT,NASDAQ:WKHS,NYSE:LOW,NYSE:XPEV,NYSE:MDT,NASDAQ:FUTU,NYSE:VIPS,NYSE:VIK,NASDAQ:ATAT,NYSE:MYTE,NASDAQ:POWL,NYSE:AZEK,NYSE:KEYS,NYSE:ZTO,NYSE:LZB,NYSE:KORE,NYSE:DLB,NYSE:DNMR,NASDAQ:SBLK,NASDAQ:QFIN,NYSE:NIO,NYSE:TGT,NYSE:ZIM,NYSE:TJX,NASDAQ:WIX,NYSE:DY,NYSE:WSM,NYSE:BERY,NASDAQ:GLBE,NYSE:RERE,NASDAQ:NVDA,NYSE:SNOW,NASDAQ:PANW,NASDAQ:JACK,NYSE:CPA,NYSE:SQM,NYSE:MMS,NYSE:CCIF,NASDAQ:ESEA,NYSE:BBAR,NASDAQ:BIDU,NASDAQ:PDD,NYSE:DE,NYSE:BJ,NYSE:VSTS,NASDAQ:WMG,NYSE:BEKE,NASDAQ:IQ,NASDAQ:NNOX,NASDAQ:SCVL,NASDAQ:INTU,NYSE:ESTC,NYSE:GAP,NASDAQ:ROST,NASDAQ:NTAP,NASDAQ:CPRT,NYSE:UGI,NASDAQ:MATW,NYSE:NGVC,NASDAQ:LGTY,NYSE:GB,NASDAQ:ADXN

  
[https://www.tradingview.com/support/solutions/43000487233-how-to-import-or-export-watchlist/](https://www.tradingview.com/support/solutions/43000487233-how-to-import-or-export-watchlist/)

  
I know... I know.... only NVDA matters ![img](emote|t5_2th52|4260)",65,1731689397.0,nvda
NVDA earnings will set the tone for the market from now until Trump takes office; and then his tweets/truth-social posts will dictate everything for the next 4 years.,60,1731683568.0,nvda
"**Summary for Weekly Earnings Thread 11/18 - 11/22**

1Ô∏è‚É£ **Market Vibe Check**: üìâ The sentiment is mixed but leaning bearish ahead of major earnings reports next week, with traders on edge about NVDA's upcoming release setting the tone for tech. Concerns over inflation and macroeconomic indicators are also adding to caution.

2Ô∏è‚É£ **Top Stock Plays**: 
- **[$NVDA](https://x.com/search?q=%24NVDA&src=cashtag_click)**: üé¢ High anticipation; expecting volatility. If they beat, bulls could charge, but a miss could send shockwaves.
- **[$WMT](https://x.com/search?q=%24WMT&src=cashtag_click)**: üéØ Calls are popular; traders are banking on holiday sales driving a 90 strike jump post-earnings. Watch for consumer sentiment.
- **[$SNOW](https://x.com/search?q=%24SNOW&src=cashtag_click)**: ‚ùÑÔ∏è Mixed feelings; historically volatile post-earnings. Expecting a possible bounce but high risk due to recent downgrades.
- **[$PANW](https://x.com/search?q=%24PANW&src=cashtag_click)**: üîí Buzz around calls; history shows the stock dips post-earnings despite beating.

3Ô∏è‚É£ **Rising Stars**: 
- **[$SYM](https://x.com/search?q=%24SYM&src=cashtag_click)**: üöÄ Surging mentions; potential breakout play, currently gaining momentum.
- **[$ZTO](https://x.com/search?q=%24ZTO&src=cashtag_click)**: üì¶ Increasing chatter as interest builds; traders looking for a dip buy opportunity based on earnings.

4Ô∏è‚É£ **Hidden Gems**: 
- **[$JACK](https://x.com/search?q=%24JACK&src=cashtag_click)**: üçî Strong positive vibes from recent earnings; could attract more attention post-earnings.
- **[$GAP](https://x.com/search?q=%24GAP&src=cashtag_click)**: üëñ Possible recovery play; analysts hint at potential upside after recent underperformance.

5Ô∏è‚É£ **Forecast & Actionable Insights**: 
- **$NVDA**: ‚ö†Ô∏è If you're risking it, consider a straddle to capitalize on expected volatility; timing is key. Maybe grab puts if you're bearish.
- **$WMT**: üí° Lock in some profits from calls pre-earnings; market seems to expect a pop, but be prepared for a sell-off.
- **$SNOW**: ‚òÉÔ∏è Short puts might be a way to capitalize on a rebound if the market gives it a bump after earnings.
- **Diversify**: üå™Ô∏è Keep an eye on correlated tech stocks like $MU for hedging NVDA plays to manage risk better.

[View Discussion](https://i.redd.it/81m4ue5uy21e1.jpeg)",179,1731897923.0,nvda
"many assumes NVDA goes down (including me) cuz everything is priced in already, but I don't have balls to buy puts. will just sit and watch üòÑ",36,1731849363.0,nvda
NVDA did not create an AI wormhole to teleport us to the other side of the universe. Therefore stock goes down,33,1732138026.0,nvda
NVDA earnings broke Reddit again and it hasn't even started moving yet :4271:,33,1732137210.0,nvda
So NVDA 160 eow,29,1732138070.0,nvda
Lol why is reddit down on nvda earning day again,28,1732138314.0,nvda
I will never financially recover from this NVDA,24,1732137692.0,nvda
"Either you die or you soar NVDA, none of this flat shit",20,1732137993.0,nvda
NVDA dead and flat. All calls and puts smoked. Thanks for playing.,21,1732139558.0,nvda
"You don‚Äôt need daily chart to look at NVDA price action regards.

You‚Äôre crashing the whole site. ![img](emote|t5_2th52|27421)",19,1732137045.0,nvda
NVDA calls,19,1731683347.0,nvda
"NVDA got off the mat. Eyes are glowing, leather is shining. Time to rip",18,1732140620.0,nvda
Nervous poopin pants daily until nvda,17,1731684043.0,nvda
Big v shape recovery for NVDA. Relax fellas,16,1732137909.0,nvda
"Bulls ‚ÄúBears are fucked‚Äù, Bears ‚ÄúBulls are fucked‚Äù NVDA ‚ÄúYou‚Äôre both fucked‚Äù",16,1732139233.0,nvda
"NVDA earnings, here we gooooo",14,1731697646.0,nvda
"okay guys we all really need NVDA to blowout earnings Wednesday or else this market is cooked (especially the semiconductor industry, like SOXL) ![img](emote|t5_2th52|4267)![img](emote|t5_2th52|4267)![img](emote|t5_2th52|4267)",14,1731800635.0,nvda
NVDA earnings crashed Reddit servers ![img](emote|t5_2th52|31225),16,1732137200.0,nvda
Theta gang gonna win this NVDA earnings day,16,1732140397.0,nvda
"Reddit servers mysteriously crash on the exact same time NVDA reported earnings last Q, hmm. MM cucks, yall listening?![img](emote|t5_2th52|4640)",14,1732138457.0,nvda
The news is phenomenal for NVDA. This AH dip is just artificial from MMs to spook retail and gobble up shares at a discount.,15,1732139075.0,nvda
"*NVDA: Demand is outpacing supply...*

Market: Short this garbage to the ground. Let's go buy MSTR.",15,1732139242.0,nvda
!banbet NVDA 155 1w,12,1731702175.0,nvda
You can't spell NVDA without the V,12,1732137898.0,nvda
Sike! Nvda ain't actually going anywhere.,13,1732137909.0,nvda
Good thing I didn't hold any calls through these NVDA earnings. Literally expect NVDA to face rip green tomorrow if it holds above $135-140.,13,1732138353.0,nvda
Reddit needs some NVDA chips. Whatever garbage they're running on needs to be thrown in the trash üóëÔ∏è,13,1732138886.0,nvda
"**NVDA GANG**

11/20 will decide the fate of the next quarter for the markets. Go Long or forever hold your peace.


*Stay Safe*",36,1731687836.0,nvda
If anyone wants to play nvda play mu to not get IV crushed. They‚Äôre highly correlated and move together during almost all major events including earnings,11,1731837786.0,nvda
Everybody pimping nvda ![img](emote|t5_2th52|52627),12,1732071795.0,nvda
So NVDA 160 tomorrow,12,1732139642.0,nvda
The only reason NVDA is going down is because of the shitty mic.,11,1732140338.0,nvda
"If NVDA tanks on earning it‚Äôs bringing sp500 with it.
Inflation is not contained, labor report is not trust worthy. Media wants us to think everything is alright when it‚Äôs really not..
Everything is overvalued and expensive. Major consolidation is must needed before bubble gets even bigger. Trump euphoria just showed how market makes idiotic moves by making TSLA a trillion dollar company",28,1731760983.0,nvda
"If NVDA shits the bed, the whole market will be selling off til late Jan. When daddy Trump goes into office the market will start rebounding. With that being said. I just dumped 1k into NVDA calls lol",24,1732127535.0,nvda
NVDA DOUBLES revenue and the stock is more or less flat ?!? üëÄ,25,1732140406.0,nvda
my NVDA calls are -40% right now üò¢,10,1731703999.0,nvda
"Holding ZIM calls üöÄ, plan to buy Walmart calls, Nvda calls.. 

Been on a crazy run, hit RKLB, DIS, LUNR (I cashed right before the dip), AFRM, PLTR‚Ä¶ lost on HD, BABA..",12,1731765094.0,nvda
NVDA to the moon üåù üöÄ,11,1732118193.0,nvda
Cmon NVDA!!,9,1731693894.0,nvda
nvda going push spy to 669,10,1731705349.0,nvda
"NVDA: ""What this market want from a ninja?""",10,1732138803.0,nvda
Nvda whyyy![img](emote|t5_2th52|31225),11,1732138832.0,nvda
"Fuck nvda 
Fuck reddit too",10,1732138881.0,nvda
NVDA gang members? ![img](emote|t5_2th52|4276),29,1732066519.0,nvda
NVDA earnings have become bigger thing than JPOW stupid interest rates and SPY earnings calls.,19,1731710037.0,nvda
IV gonna fuck yall asses tomorrow on NVDA,18,1732050451.0,nvda
"NVDA dropping because it didn't beat earnings by 1,000,000%",18,1732138441.0,nvda
Fake dip. NVDA huge bull move tomorrow +4-7%.,19,1732139482.0,nvda
So stupid not to have bought that NVDA 141c 11/15 at 1:30 when it was at .15...  literally watched that fly right by.  I was looking for an EOD and that was it.,9,1731702856.0,nvda
NVDA beat across the board,8,1732137770.0,nvda
Shit NVDA is falling. I hoped NVDA will raise and all tech stocks will follow it. Now my SPY and QQQ calls will go down.,9,1732137910.0,nvda
What exactly does NVDA want to do?,8,1732138232.0,nvda
NVDA LETS GOOOOO,9,1732138478.0,nvda
"NVDA is trying to tank, but the world is keeping it up like theyre sending Ki for the big bang. tomorrow will be nice",9,1732139212.0,nvda
"With this outlook, NVDA 165+ by EOY",9,1732140096.0,nvda
NVDA gonna hit earnings and barely miss guidance,17,1731692462.0,nvda
NVDA will run tomorrow,16,1732138906.0,nvda
been full ported in nvda calls since the august drop. planning to hold all of it through earnings ![img](emote|t5_2th52|4276),7,1731690342.0,nvda
What‚Äôs the most regarded nvda play someone can bet 500 bucks on,7,1732036348.0,nvda
nVda,8,1732137979.0,nvda
Reddit better buys some NVDA chips to let their servers run properly.,8,1732138455.0,nvda
This happened the last time nvda earning,8,1732138509.0,nvda
"WMT calls. 

NVDA straddle, but I think puts are the play. They'd need some of the most insane numbers to break $150",15,1731683649.0,nvda
"Did NVDA confirm exponential and infinite growth forecasts? If not, of course they'll go down because they didn't confirm everyone's regarded expectations.",15,1732137918.0,nvda
Nvda recovered to the moon we go,15,1732140527.0,nvda
"What are we calling on nvda , it can‚Äôt push lower right ![img](emote|t5_2th52|4260)",8,1731688252.0,nvda
!banbet NVDA 149.69 1w,8,1731706312.0,nvda
"I have a hard time believing that the market makers would allow the world‚Äôs largest company, a US company, tank 2 weeks after Orange Man gets the win. Could be the hopium talking, though. LFG NVDA.",8,1731784033.0,nvda
aw shit here we go again NVDA ![img](emote|t5_2th52|29637),7,1731790444.0,nvda
Banbet 135$ NVDA 1d,8,1732137681.0,nvda
Bought the NVDA dip,7,1732137847.0,nvda
The actual nvda pump will commence next week right? Right? ![img](emote|t5_2th52|4260),13,1732145123.0,nvda
NVDA strangle holders...strangled,14,1732148739.0,nvda
NVDA is the only thing that matters. If ER and guidance beat expectations üöÄ. Else the üêª will party,13,1731683788.0,nvda
!banbet NVDA 150 1w,6,1731704908.0,nvda
"Nearly caught the bottom today on the NVDA 145c, got it at $5.05. Hoping this pumps monday and tuesday so i leave with the gains.",6,1731723918.0,nvda
Is all this IV on SPY just in anticipation of NVDA earnings or am i missing something?,6,1732132936.0,nvda
Nvda needs to stop phunkin with my heart,6,1732138021.0,nvda
Puts on NVDA cause they can still beat expectations and go down lol,16,1731888820.0,nvda
NVDA is fighting like a lion boys,11,1732139165.0,nvda
NVDA üçÜüçÜüçÜüöÄüöÄüöÄüöÄüöÄüöÄüöÄüöÄüöÄüöÄüöÄüöÄüöÄ,9,1732049402.0,nvda
"In the last NVDA earnings, the big dip didn‚Äôt come until day 2",10,1732139638.0,nvda
"cant decide how i want to play these nvda earnings
last time we had great earnings but lower guidance killed the gainz",5,1732132166.0,nvda
ruh roh nvda.  let the dump commence,4,1732137652.0,nvda
link to nvda earnings call?,5,1732137797.0,nvda
What's NVDA doing? Temped to put a buy order...,5,1732138415.0,nvda
We either tank a lot or moon a bit next few days for NVDA,6,1732138583.0,nvda
"My NVDA DEC 160 calls are cooked. Looks like Santa is doing a flyby my house this year. Sorry kids, you can blame Reddit being down for no gifts",5,1732138710.0,nvda
"Reddit servers can't handle nvda chatter, but stock was up. Hmmm, what Celeron PC server you running there. Nvidia destroys earnings, stock down.![img](emote|t5_2th52|4260)",5,1732145951.0,nvda
So is there any moves tomorrow ![img](emote|t5_2th52|4271) gotta get these NVDA losses back,5,1732146886.0,nvda
NVDA already recovered before the bell but no one buying options won.,5,1732196840.0,nvda
"NVDA is still the play. Rich assholes have nowhere else to put their money. NVDA is like a shitcoin, but better. See y'all tomorrow!",9,1732139150.0,nvda
The call could save NVDA. Please say some amazing shit,9,1732140182.0,nvda
!banbet nvda 150 1w,7,1731705928.0,nvda
Anyone here strangle play on NVDA earnings?,4,1731698772.0,nvda
"You guys think NVDA gonna set the market? 

Also does SNOW always fall on earnings wtf? Seems like every earnings this year they've tanked",4,1731709881.0,nvda
What are we thinking about the nvda and meta hearing?,4,1731714639.0,nvda
Other than NVDA is there anything else for the week you guys or ladies looking at?,4,1732076490.0,nvda
"SNOW showing up NVDA, embarrassing ![img](emote|t5_2th52|31225)",5,1732137566.0,nvda
"Why nvda not doing anything 
I guess i have to go back to papa jensen and return this to him 
As it has stopped working.",3,1732137699.0,nvda
Holding my very very few nvda calls to Valhalla. Stocks too. Tomorrow when the sun rises the world will know and will want to be a part of it. VAMOOOOOOSSSSS!!!,5,1732139143.0,nvda
I‚Äôm still in for NVDA ![img](emote|t5_2th52|8883),5,1732139232.0,nvda
NVDA ![img](emote|t5_2th52|29637)![img](emote|t5_2th52|4276)![img](emote|t5_2th52|8882)![img](emote|t5_2th52|4258),5,1732195489.0,nvda
The recovery on NVDA is a beautiful sight,5,1732195897.0,nvda
NVDA $160 tomorrow üòé,12,1732137811.0,nvda
Nvda calls for earnings?,7,1731949988.0,nvda
MY NVDA CALLS BETTER PRINT TF,7,1732139448.0,nvda
"After my NVDA puts print, I will buy 10 leather jackets like those won by uncle Jensen.",11,1732110705.0,nvda
Slightly nervous about my NVDA calls,7,1732071138.0,nvda
NVDA puts¬†,8,1731789380.0,nvda
nvda flat again into market sell off?!,3,1731685866.0,nvda
NVDA flips green in pre market. The post earnings comeback story of the year.,3,1732195036.0,nvda
Nvda 150c at open,3,1732195839.0,nvda
"Nvda trap‚Ä¶

What happen with goog?",3,1732199905.0,nvda
ok NVDA lets go green,3,1732213738.0,nvda
Anyone else buying nvda puts or am I crazy,3,1731831926.0,nvda
"$$$$$$$$$$$$$$$$$$$$$$$


NVDA



$$$$$$$$$$$$$$$$$$$$$$$$$$$$$$$",5,1732049798.0,nvda
"Ok, bulls. What's the play for tomorrow, got to get some parallel gains going along with NVDA tomorrow?",4,1732147936.0,nvda
How many people sold NVDA and r about to have sellers remorseü§°üöÄ,5,1732206815.0,nvda
Smart money moving from NVDA to MSTR,5,1732138138.0,nvda
It‚Äôs way too bullish for NVDA in here. It‚Äôs going to dump I can feel it. Tarrifs on the horizon and just the overwhelming hype I don‚Äôt think it can live up to. It‚Äôs dumping‚Ä¶ also it dumped last earnings too,5,1732120627.0,nvda
"Going to bet on NVDA and going to bet Reddit gets some new Blackwell chips 

Bullish",2,1732139041.0,nvda
Holding my very very few nvda calls to Valhalla. Stocks too. Tomorrow when the sun rises the world will know and will want to be a part of it. VAMOOOOOOSSSSS!!!,2,1732139044.0,nvda
NVDA is going to close at the exact same price it closed at yesterday isn't it?,2,1732211253.0,nvda
NVDA bears in shambles. $145C weeklies printing in the AM,4,1732139322.0,nvda
"dumb question would straddling SPY make more sense than straddling NVDA since if the latter tanks or flies, it‚Äôll directly correlate?",4,1732130669.0,nvda
Imagine being regarded trying to gamble for 0.1x on NVDA when you could have made 20x on 0DTE SPX in 30 mins.,3,1732139668.0,nvda
"NVDA to miss, so I can enjoy how world burns",4,1731792829.0,nvda
Am I regarded to buy nvda 200$ calls for Dec 27 2024?,3,1732118555.0,nvda
just buy NVDA lol some of ya'll are so dumb,1,1732140128.0,nvda
NVDA pump at open and then huge dip,4,1732198613.0,nvda
!banbet NVDA 130 1w,3,1731703310.0,nvda
NVDA 175c are gonna print,3,1731690093.0,nvda
"People will sell off NVDA during the next days and weeks. It‚Äòs still a solid stock but it‚Äòs not gonna grow exponentially for now. People will look for the next hype to jump on.

It has become just another tech stock",1,1732140141.0,nvda
 Saw there were like 5M worth of NVDA 50C. Are deep ITM calls bullish or bearish,1,1732122384.0,nvda
We could get some good guidance too during the call for nvda could help,1,1732139320.0,nvda
NVDA governors are off gentlemen. Hold onto your dicks.,1,1732197244.0,nvda
Anyone use qtrade? It doesn‚Äôt update options pricing until 20mins after the bell. Also doesnt allow me to market sell. Missed out on Nvda at 150,1,1732200044.0,nvda
"It‚Äôs over, NVDA down. Go home ![img](emote|t5_2th52|31226)",1,1732138392.0,nvda
"It's time for NVDA to start paying a dividend and moving like the rest of the mega caps. The euphoria is over, guys.

I'm not saying it won't go up in the future, but it's grown to its industry peak. Unless Nvidia starts branching out into other products, it's a dividend play.",0,1732138893.0,nvda
Nvda go down you bitch ![img](emote|t5_2th52|27421),-5,1732139404.0,nvda
NVDA ceiling has been hit. Puts are ez money. Best time to go in is now. 50% puts 50% NVDQ ![img](emote|t5_2th52|53057)![img](emote|t5_2th52|53057)![img](emote|t5_2th52|53057),-4,1732031680.0,nvda
"It's time for NVDA to start paying a dividend and moving like the rest of the mega caps. The euphoria is over, guys.

I'm not saying it won't go up in the future, but it's grown to its industry peak. Unless Nvidia starts branching out into other products, it's a dividend play.",-3,1732138899.0,nvda
DIE NVDA DIE! ![img](emote|t5_2th52|27421),-4,1732139867.0,nvda
Mag 7 pulling the market down today‚Ä¶. NVDA On copium rn.,-2,1732200229.0,nvda
NVDA big earnings miss,-7,1732194201.0,nvda
"NVDA beats will go up some, misses and we can see a major correction.",10,1731879131.0,nvda
"just wondering how these get determined. shouldn‚Äôt it just be the bigger the beat/miss the bigger the move? like why does something like apple usually move less than 5% on earnings no matter how good/bad it is while nvda always has a much bigger move, excluding their most recent earnings where i believe they were down 6 or 7%, in contrast to the usual 10-15% move",2,1731874407.0,nvda
"Thanks for the pic re: earnings thread. Not sure what's going to happen with NVDA because semi's have rolled over of late. Could go either way, but I wouldn't bet against Jenson. I'll be looking at TCOM, WMT, VIK, INTU only because tech has been pulling back. Do you have any faves?",2,1731691346.0,nvda
I think it's gonna be a repeat but on a smaller scale. Id shit my pants if nvda actually ripped up past 150,8,1731716552.0,nvda
"**Ban Bet Created:** **/u/strictlyPr1mal** bet **NVDA** goes from **142.12** to **155.0** before **22-Nov-2024 03:23 PM EST**

Their record is 8 wins and 6 losses.

[**Join WSB Discord**](http://discord.gg/wsbverse)",7,1731702185.0,nvda
"Not really, NVDA dumped last time and most of the market still broke ATH several times.",15,1731688159.0,nvda
"Looking for markets to finish correcting, but should hold, and a good chance will then go higher into year end to avoid year end tax implications. Thinking Jan. 2025 will bring selling. As for NVDA, don't know, but semi's are rolling over. JMO",2,1731692735.0,nvda
This little stock you probably haven't heard of. NVDA,6,1731945131.0,nvda
NVDA and QQQ will crash hard after today,1,1732102263.0,nvda
Feeling that the sp500 has a building up to near ATH into the NVDA Wednesday earnings and then has a big pull back when NVDA misses.,4,1731801699.0,nvda
"Ask yourself, when was the last time nvda tanked in 3rd quarter earnings?",4,1731776086.0,nvda
"Hmm what about santa rally? Unless NVDA reallly under delivers, seems hard to kill that seasonal tradition.",1,1732130544.0,nvda
Pumping before earnings is probably the worst scenario for NVDA....I think it may pump to 150 and retest ATHs and then sell off AH after earnings,9,1732045063.0,nvda
"If you go back and look at NVDA ER charts, you will see, NVDA likes to touch the 20ma and then it is free to shoot upwards. I think that because it went below 20ma and only today it went above the 20ma, it has a really good chance that it'll get that 8% jump and just go up up  up.  Like I might just go calls to the wall with it this time. Especially because crypto mining is also about to come back into fashion in a big way. The BTC are ALMOST worth the electricity cost now.",2,1732056404.0,nvda
"**Ban Bet Created:** **/u/just23x3_4fun** bet **NVDA** goes from **141.99** to **149.69** before **22-Nov-2024 04:31 PM EST**

Their record is 1 wins and 2 losses.

[**Join WSB Discord**](http://discord.gg/wsbverse)",4,1731706315.0,nvda
Buy NVDA puts and make me some juicy loss porn ![img](emote|t5_2th52|31224),2,1731962026.0,nvda
"NVDA IS GOING TO EXPLODE ITS PROFITS AND WILL DOWN THIS WEEK TO 125, THEN IT WILL REACH 160",9,1732115840.0,nvda
"**Ban Bet Created:** **/u/naked_space_chimp** bet **NVDA** goes from **141.98** to **150.0** before **22-Nov-2024 04:08 PM EST**

Their record is 0 wins and 0 losses.

[**Join WSB Discord**](http://discord.gg/wsbverse)",3,1731704915.0,nvda
"calls on nvda, puts on spy",3,1732133042.0,nvda
NVDA calls,8,1732053896.0,nvda
"**Ban Bet Created:** **/u/Will018** bet **NVDA** goes from **142.0** to **150.0** before **22-Nov-2024 04:25 PM EST**

Their record is 0 wins and 1 losses.

[**Join WSB Discord**](http://discord.gg/wsbverse)",2,1731705933.0,nvda
"Nvda 155c, panw 360p",2,1732043643.0,nvda
You already have a bet going - NVDA to 130.0 before 21-Nov-2024 02:01 PM -05,2,1732138993.0,nvda
"Damn, every candle that makes me think ""that's it, its gonna drop now, I should get puts""; NVDA just bounces up even higher. It's feeling like a 4 Trilli stock about to come into existence.",2,1732049129.0,nvda
"Also, I dont want to sound crazy, but I am. I think as long as we see meme stonk pumpin, and the craptos pumpin, you gotta buy calls on the mag7, NVDA, or just the QQQ/TQQQ",2,1732049272.0,nvda
"I played nvda puts last earnings and managed to lose on IV crush even though the stock went down. I‚Äôm just gonna wait until after earnings this time. I did well playing Tesla and Upstart post earnings, gonna do the same thing here.

Oh also something that‚Äôs happened kind of often is a stock pumping up in the morning after earnings, and then having it‚Äôs pump completely sold off, sometimes even to the point it goes lower than what it was before earnings. But a sell off of that size could happen over at least several days. By waiting until after earnings I‚Äôll also be safe if that happens.",4,1731863474.0,nvda
"Post earning is always the play![img](emote|t5_2th52|12787)if it goes up great i'll get some calls, if it goes down great I'll get some cheaper calls because it's fucking NVDA!",7,1731867229.0,nvda
"**Unstoppable force**(retail sentiments being way too bullish) vs **Immovable object**(analysts lowered everything because of tariffs, SMCI book cooking, global tension, and market all fomo-ing into bitcorn related stocks because NVDA has been trading sideways with low to negative returns so everyone stopped giving a shit)",2,1732122374.0,nvda
NVDA going to drag the whole market down Thursday and Friday,1,1732040839.0,nvda
"**Ban Bet Created:** **/u/iGunslinger** bet **NVDA** goes from **141.68** to **130.0** before **22-Nov-2024 03:42 PM EST**

Their record is 0 wins and 2 losses.

[**Join WSB Discord**](http://discord.gg/wsbverse)",8,1731703323.0,nvda
"**Ban Bet Created:** **/u/boris__15** bet **NVDA** goes from **142.03** to **152.0** before **22-Nov-2024 04:20 PM EST**

Their record is 0 wins and 0 losses.

[**Join WSB Discord**](http://discord.gg/wsbverse)",2,1731705632.0,nvda
"I got puts, but lost my shirt on NVDA so inverse me",2,1732214516.0,nvda
"**Ban Bet Created:** **/u/3Sayndre** bet **NVDA** goes from **142.12** to **180.0** before **22-Nov-2024 04:49 PM EST**

Their record is 0 wins and 0 losses.

[**Join WSB Discord**](http://discord.gg/wsbverse)",5,1731707365.0,nvda
"Im assuming it's because they've been on a such a rip this year. Similar to NVDA how they blew expectations out of the water every earnings, they didn't quite suprise enough is my guess.

I see this as a sweet dip for shares. No way in hell are we slowing down on electrical upgrades across our grid.",1,1732106584.0,nvda
You already have a bet going - NVDA to 165.0 before 07-Dec-2024 01:18 AM -05,6,1732139210.0,nvda
"yeah except miss is not an option, not this quarter or next year.

the 2 real options are

NVDA beats and guidance in line with expectations, stock drops a little and go sideways.

NVDA beats and guidance exceeds expectations, huge upside.",11,1731886268.0,nvda
Nvda free cash flow stagnated last quarter. Revenue was up but bottom line was flat.¬†,2,1731880820.0,nvda
the world's most valuable company will certainly have an impact on all 3 indexes either way. market broke ATH after earnings after we had a broader market sell off around September 5th off of inflation numbers and then J Pow confirming / subsequently cutting interest rates. Market would not have made ATH if NVDA never recovered quickly from low 100s back to 130-140 range.,1,1731689840.0,nvda
SMCI will not be delisted on Monday. the scam continues. more NVDA gpus to be sold to SMCI. NVDA to the moon.,5,1731788707.0,nvda
Last earnings they went down because some buffoons in wallstreet forcasted nvda beating earnings above their historical beat,7,1731698423.0,nvda
"pretty much everything is mooning today, which usually means NVDA even harder.

just because it's mooning today doesn't mean it cant break ATH after another beat",3,1732046521.0,nvda
I was researching calls as the W for NVDA. I hit a big W this week so I‚Äôm thinking a cheaper one such as VSTS,2,1732077545.0,nvda
Not too impressive tbh... for othrr companies this is great but wallstreet has NVDA on a much higher expectation. Hopefully they see something optimistic that im not. My calls are gonna open a new one ![img](emote|t5_2th52|31225),3,1732139977.0,nvda
Here‚Äôs to hoping. NVDA is a monster and looks good through year‚Äôs end regardless,1,1732138826.0,nvda
"Have you heard of this stock called NVDA? 

My brother's hairdresser's dog told him about it

He says it's going to the moon

It will definitely do that because that's what some random person told me it will do

I'm not even going to do any of my own research on it

I'm not even going to look through the rest of this thread to see what people have already been talking about

Think I might write a generic question asking what I should do with my own money to turn it into more...

Fuck, I'm glad I'm laid off with nothing to do because I just wasted a lot of time to tell you to not be so entitled",0,1732042847.0,nvda
"NVDA 4 trillion market cap incoming

Does anyone realize how many NVDA chips Elon Musk is buying??????????????????????????",1,1732049876.0,nvda
"Any other company show the same growth a year ago, or even earlier this year, and they‚Äôre up and away. NVDA does it and the market says ‚ÄúNah you should‚Äôve make a trillion dollars in revenue and cure cancer!!!‚Äù",7,1732147260.0,nvda
$NVDA baby,3,1731771030.0,nvda
"Just NVDA, I‚Äôm poor",1,1732043948.0,nvda
https://tools.optionsai.com/expected-move/NVDA,2,1731710512.0,nvda
"Lol long-dated NVDA puts seem absolutely regarded to me. If you don‚Äôt sell those now, you‚Äôll be bleeding 2% a day for a long time. You‚Äôre basically betting on the AI bubble bursting. Sure, if you‚Äôre right, the gains would be insane, but let‚Äôs face it, you‚Äôre not :)",1,1732218789.0,nvda
"Typically, companies in the same area/industry move together. NVDA ER is likely to move TSM, MU and other top AI stocks. Target doing well indicates consumer spending going up which is also good for walmart going into the holiday season since lots of shoppers go to both walmart and target. Increased consumer spending is good for the whole discount retailer industry essentially",1,1732036485.0,nvda
"Some implied moves for earnings next week( up or down degenerates) -136 companies reporting:

[$NVDA](https://x.com/search?q=%24NVDA&src=cashtag_click) 9.8%  
[$SNOW](https://x.com/search?q=%24SNOW&src=cashtag_click) 11.6%  
[$PANW](https://x.com/search?q=%24PANW&src=cashtag_click) 8.8%  
[$WMT](https://x.com/search?q=%24WMT&src=cashtag_click) 5.3%  
[$LOW](https://x.com/search?q=%24LOW&src=cashtag_click) 4.3%  
[$TGT](https://x.com/search?q=%24TGT&src=cashtag_click) 9.0%  
[$ESTC](https://x.com/search?q=%24ESTC&src=cashtag_click) 16.9%  
[$ROST](https://x.com/search?q=%24ROST&src=cashtag_click) 6.3%  
[$NTAP](https://x.com/search?q=%24NTAP&src=cashtag_click) 8.0%  
[$BIDU](https://x.com/search?q=%24BIDU&src=cashtag_click) 6.4%  
[$PDD](https://x.com/search?q=%24PDD&src=cashtag_click) 9.4%  
[$DE](https://x.com/search?q=%24DE&src=cashtag_click) 5.5%  
[$JACK](https://x.com/search?q=%24JACK&src=cashtag_click) 15.9%  
[$TJX](https://x.com/search?q=%24TJX&src=cashtag_click) 4.7%  
[$WIX](https://x.com/search?q=%24WIX&src=cashtag_click) 13.3%  
[$DY](https://x.com/search?q=%24DY&src=cashtag_click) 14.4%  
[$WSM](https://x.com/search?q=%24WSM&src=cashtag_click) 13.7%  
[$INTU](https://x.com/search?q=%24INTU&src=cashtag_click) 5.5%  
[$GAP](https://x.com/search?q=%24GAP&src=cashtag_click) 13.2%  
[$CPRT](https://x.com/search?q=%24CPRT&src=cashtag_click) 7.2%   
[$MDT](https://x.com/search?q=%24MDT&src=cashtag_click) 3.7%  
[$ZTO](https://x.com/search?q=%24ZTO&src=cashtag_click) 11.0%  
[$NIO](https://x.com/search?q=%24NIO&src=cashtag_click) 11.8%  
[$FUTU](https://x.com/search?q=%24FUTU&src=cashtag_click) 10.1%  
[$XPEV](https://x.com/search?q=%24XPEV&src=cashtag_click) 11.2%  
[$SCVL](https://x.com/search?q=%24SCVL&src=cashtag_click) 13.3%  
[$SYM](https://x.com/search?q=%24SYM&src=cashtag_click) 19.7%",81,1731858258.0,panw
"since I just did the work; you can copy paste this into a notepad file, save and import to tradingview watchlist for all the tickers in order of earnings:

NASDAQ:BTBT,NASDAQ:BTDR,NASDAQ:EH,NYSE:BRC,NASDAQ:TWST,NASDAQ:MOND,NASDAQ:CLRB,NASDAQ:SYM,NASDAQ:TCOM,NYSE:BRBR,NYSE:TUYA,NYSE:ACM,NASDAQ:ZENV,NASDAQ:IIIV,NASDAQ:NRXP,NYSE:WMT,NASDAQ:WKHS,NYSE:LOW,NYSE:XPEV,NYSE:MDT,NASDAQ:FUTU,NYSE:VIPS,NYSE:VIK,NASDAQ:ATAT,NYSE:MYTE,NASDAQ:POWL,NYSE:AZEK,NYSE:KEYS,NYSE:ZTO,NYSE:LZB,NYSE:KORE,NYSE:DLB,NYSE:DNMR,NASDAQ:SBLK,NASDAQ:QFIN,NYSE:NIO,NYSE:TGT,NYSE:ZIM,NYSE:TJX,NASDAQ:WIX,NYSE:DY,NYSE:WSM,NYSE:BERY,NASDAQ:GLBE,NYSE:RERE,NASDAQ:NVDA,NYSE:SNOW,NASDAQ:PANW,NASDAQ:JACK,NYSE:CPA,NYSE:SQM,NYSE:MMS,NYSE:CCIF,NASDAQ:ESEA,NYSE:BBAR,NASDAQ:BIDU,NASDAQ:PDD,NYSE:DE,NYSE:BJ,NYSE:VSTS,NASDAQ:WMG,NYSE:BEKE,NASDAQ:IQ,NASDAQ:NNOX,NASDAQ:SCVL,NASDAQ:INTU,NYSE:ESTC,NYSE:GAP,NASDAQ:ROST,NASDAQ:NTAP,NASDAQ:CPRT,NYSE:UGI,NASDAQ:MATW,NYSE:NGVC,NASDAQ:LGTY,NYSE:GB,NASDAQ:ADXN

  
[https://www.tradingview.com/support/solutions/43000487233-how-to-import-or-export-watchlist/](https://www.tradingview.com/support/solutions/43000487233-how-to-import-or-export-watchlist/)

  
I know... I know.... only NVDA matters ![img](emote|t5_2th52|4260)",67,1731689397.0,panw
"**Summary for Weekly Earnings Thread 11/18 - 11/22**

1Ô∏è‚É£ **Market Vibe Check**: üìâ The sentiment is mixed but leaning bearish ahead of major earnings reports next week, with traders on edge about NVDA's upcoming release setting the tone for tech. Concerns over inflation and macroeconomic indicators are also adding to caution.

2Ô∏è‚É£ **Top Stock Plays**: 
- **[$NVDA](https://x.com/search?q=%24NVDA&src=cashtag_click)**: üé¢ High anticipation; expecting volatility. If they beat, bulls could charge, but a miss could send shockwaves.
- **[$WMT](https://x.com/search?q=%24WMT&src=cashtag_click)**: üéØ Calls are popular; traders are banking on holiday sales driving a 90 strike jump post-earnings. Watch for consumer sentiment.
- **[$SNOW](https://x.com/search?q=%24SNOW&src=cashtag_click)**: ‚ùÑÔ∏è Mixed feelings; historically volatile post-earnings. Expecting a possible bounce but high risk due to recent downgrades.
- **[$PANW](https://x.com/search?q=%24PANW&src=cashtag_click)**: üîí Buzz around calls; history shows the stock dips post-earnings despite beating.

3Ô∏è‚É£ **Rising Stars**: 
- **[$SYM](https://x.com/search?q=%24SYM&src=cashtag_click)**: üöÄ Surging mentions; potential breakout play, currently gaining momentum.
- **[$ZTO](https://x.com/search?q=%24ZTO&src=cashtag_click)**: üì¶ Increasing chatter as interest builds; traders looking for a dip buy opportunity based on earnings.

4Ô∏è‚É£ **Hidden Gems**: 
- **[$JACK](https://x.com/search?q=%24JACK&src=cashtag_click)**: üçî Strong positive vibes from recent earnings; could attract more attention post-earnings.
- **[$GAP](https://x.com/search?q=%24GAP&src=cashtag_click)**: üëñ Possible recovery play; analysts hint at potential upside after recent underperformance.

5Ô∏è‚É£ **Forecast & Actionable Insights**: 
- **$NVDA**: ‚ö†Ô∏è If you're risking it, consider a straddle to capitalize on expected volatility; timing is key. Maybe grab puts if you're bearish.
- **$WMT**: üí° Lock in some profits from calls pre-earnings; market seems to expect a pop, but be prepared for a sell-off.
- **$SNOW**: ‚òÉÔ∏è Short puts might be a way to capitalize on a rebound if the market gives it a bump after earnings.
- **Diversify**: üå™Ô∏è Keep an eye on correlated tech stocks like $MU for hedging NVDA plays to manage risk better.

[View Discussion](https://i.redd.it/81m4ue5uy21e1.jpeg)",179,1731897923.0,panw
"Pelosi's fave PANW reporting Wednesday. Bought $417.50c 11/22 exp, needs about 7.7% to ITM so hoping for a run up or jump at earnings.

Think it'll print? Picked it up Friday close after 2% dip on the stock price. 

Hopefully the cabinet appointment announcements don't happen next week, every single one is tanking the market, people are pulling out money. These macro trends are an added variable that I can't call.",13,1731756641.0,panw
"PANW meets expectations on revenue, EPS and mid range of forward guidance.  Board announces 2:1 stock split.  Market not impressed and stock down nearly 6% now üòû",5,1732137829.0,panw
All in on PANW,4,1731687762.0,panw
"Panw dumping, I should‚Äôve stuck with my guts ![img](emote|t5_2th52|31225)",3,1732136855.0,panw
PANW down nearly 5 %‚Ä¶..Guh!  üòû,4,1732137524.0,panw
Nancy still holding PANW? calls if so,3,1731683878.0,panw
Why is everyone so bearish on panw,3,1732048690.0,panw
"damn I had target calls that blew up this morning and now I got panw and snow puts, at least panw will make a little back",3,1732140859.0,panw
PANW calls pricey,2,1731962753.0,panw
Thoughts on PANW Calls?,2,1732127836.0,panw
Who else is playing PANW?,1,1732048207.0,panw
What do yall think of PANW calls??,1,1732070753.0,panw
PANW calls. SNOW puts,1,1732100455.0,panw
Panw puts,0,1731716471.0,panw
PANW PUTS. SNOW CALLS,2,1732075515.0,panw
What exactly does $panw do?,2,1731768980.0,panw
"Any indication she's holding $PANW now? She's traded it in the past of this year? But, any indication she's holding any $PANW for the month of November?",2,1731791463.0,panw
"Nvda 155c, panw 360p",2,1732043643.0,panw
"im in SNOW, PANW, ZIM, TGT, and WSM",3,1732096536.0,panw
PANW puts are probably more likely.,0,1732131627.0,panw
Imo PANW heavily overvalued since the crowdstrike incident. Don‚Äôt take my word for it though I‚Äôm regarded,3,1732113219.0,panw
12/20 $200c. Only bought $100 worth. Now it‚Äôs $1200. Trust me I wish I played this more than fucking PANW,2,1732198789.0,panw
"Well, PANW always seems to drop.  I have puts",1,1732138185.0,panw
"since I just did the work; you can copy paste this into a notepad file, save and import to tradingview watchlist for all the tickers in order of earnings:

NASDAQ:BTBT,NASDAQ:BTDR,NASDAQ:EH,NYSE:BRC,NASDAQ:TWST,NASDAQ:MOND,NASDAQ:CLRB,NASDAQ:SYM,NASDAQ:TCOM,NYSE:BRBR,NYSE:TUYA,NYSE:ACM,NASDAQ:ZENV,NASDAQ:IIIV,NASDAQ:NRXP,NYSE:WMT,NASDAQ:WKHS,NYSE:LOW,NYSE:XPEV,NYSE:MDT,NASDAQ:FUTU,NYSE:VIPS,NYSE:VIK,NASDAQ:ATAT,NYSE:MYTE,NASDAQ:POWL,NYSE:AZEK,NYSE:KEYS,NYSE:ZTO,NYSE:LZB,NYSE:KORE,NYSE:DLB,NYSE:DNMR,NASDAQ:SBLK,NASDAQ:QFIN,NYSE:NIO,NYSE:TGT,NYSE:ZIM,NYSE:TJX,NASDAQ:WIX,NYSE:DY,NYSE:WSM,NYSE:BERY,NASDAQ:GLBE,NYSE:RERE,NASDAQ:NVDA,NYSE:SNOW,NASDAQ:PANW,NASDAQ:JACK,NYSE:CPA,NYSE:SQM,NYSE:MMS,NYSE:CCIF,NASDAQ:ESEA,NYSE:BBAR,NASDAQ:BIDU,NASDAQ:PDD,NYSE:DE,NYSE:BJ,NYSE:VSTS,NASDAQ:WMG,NYSE:BEKE,NASDAQ:IQ,NASDAQ:NNOX,NASDAQ:SCVL,NASDAQ:INTU,NYSE:ESTC,NYSE:GAP,NASDAQ:ROST,NASDAQ:NTAP,NASDAQ:CPRT,NYSE:UGI,NASDAQ:MATW,NYSE:NGVC,NASDAQ:LGTY,NYSE:GB,NASDAQ:ADXN

  
[https://www.tradingview.com/support/solutions/43000487233-how-to-import-or-export-watchlist/](https://www.tradingview.com/support/solutions/43000487233-how-to-import-or-export-watchlist/)

  
I know... I know.... only NVDA matters ![img](emote|t5_2th52|4260)",67,1731689397.0,powl
POWL calls baby,2,1731932699.0,powl
POWL lost a lot of cake this week. I think they destroy the numbers and are back at $350 by Friday.,1,1731721805.0,powl
Can someone explain to me why POWL is dumping like a rock after beating earnings by over 6%? The only thing I can find is a false missed earnings article,0,1732079260.0,powl
I bought WIX yesterday but I also bought POWL. ![img](emote|t5_2th52|4260),0,1732115861.0,powl
"Bro, our system is based on added liquidity. If the pipeline stops, that's when everything starts flying apart. If powl can't print, the market goes down no matter how much money nividia tries to bring in.",5,1731695382.0,powl
"I should‚Äôve taken profits on POWL, Instead I got greedy and doubled down with more money¬†![img](emote|t5_2th52|4260)",1,1732107000.0,powl
"Some implied moves for earnings next week( up or down degenerates) -136 companies reporting:

[$NVDA](https://x.com/search?q=%24NVDA&src=cashtag_click) 9.8%  
[$SNOW](https://x.com/search?q=%24SNOW&src=cashtag_click) 11.6%  
[$PANW](https://x.com/search?q=%24PANW&src=cashtag_click) 8.8%  
[$WMT](https://x.com/search?q=%24WMT&src=cashtag_click) 5.3%  
[$LOW](https://x.com/search?q=%24LOW&src=cashtag_click) 4.3%  
[$TGT](https://x.com/search?q=%24TGT&src=cashtag_click) 9.0%  
[$ESTC](https://x.com/search?q=%24ESTC&src=cashtag_click) 16.9%  
[$ROST](https://x.com/search?q=%24ROST&src=cashtag_click) 6.3%  
[$NTAP](https://x.com/search?q=%24NTAP&src=cashtag_click) 8.0%  
[$BIDU](https://x.com/search?q=%24BIDU&src=cashtag_click) 6.4%  
[$PDD](https://x.com/search?q=%24PDD&src=cashtag_click) 9.4%  
[$DE](https://x.com/search?q=%24DE&src=cashtag_click) 5.5%  
[$JACK](https://x.com/search?q=%24JACK&src=cashtag_click) 15.9%  
[$TJX](https://x.com/search?q=%24TJX&src=cashtag_click) 4.7%  
[$WIX](https://x.com/search?q=%24WIX&src=cashtag_click) 13.3%  
[$DY](https://x.com/search?q=%24DY&src=cashtag_click) 14.4%  
[$WSM](https://x.com/search?q=%24WSM&src=cashtag_click) 13.7%  
[$INTU](https://x.com/search?q=%24INTU&src=cashtag_click) 5.5%  
[$GAP](https://x.com/search?q=%24GAP&src=cashtag_click) 13.2%  
[$CPRT](https://x.com/search?q=%24CPRT&src=cashtag_click) 7.2%   
[$MDT](https://x.com/search?q=%24MDT&src=cashtag_click) 3.7%  
[$ZTO](https://x.com/search?q=%24ZTO&src=cashtag_click) 11.0%  
[$NIO](https://x.com/search?q=%24NIO&src=cashtag_click) 11.8%  
[$FUTU](https://x.com/search?q=%24FUTU&src=cashtag_click) 10.1%  
[$XPEV](https://x.com/search?q=%24XPEV&src=cashtag_click) 11.2%  
[$SCVL](https://x.com/search?q=%24SCVL&src=cashtag_click) 13.3%  
[$SYM](https://x.com/search?q=%24SYM&src=cashtag_click) 19.7%",81,1731858258.0,snow
"since I just did the work; you can copy paste this into a notepad file, save and import to tradingview watchlist for all the tickers in order of earnings:

NASDAQ:BTBT,NASDAQ:BTDR,NASDAQ:EH,NYSE:BRC,NASDAQ:TWST,NASDAQ:MOND,NASDAQ:CLRB,NASDAQ:SYM,NASDAQ:TCOM,NYSE:BRBR,NYSE:TUYA,NYSE:ACM,NASDAQ:ZENV,NASDAQ:IIIV,NASDAQ:NRXP,NYSE:WMT,NASDAQ:WKHS,NYSE:LOW,NYSE:XPEV,NYSE:MDT,NASDAQ:FUTU,NYSE:VIPS,NYSE:VIK,NASDAQ:ATAT,NYSE:MYTE,NASDAQ:POWL,NYSE:AZEK,NYSE:KEYS,NYSE:ZTO,NYSE:LZB,NYSE:KORE,NYSE:DLB,NYSE:DNMR,NASDAQ:SBLK,NASDAQ:QFIN,NYSE:NIO,NYSE:TGT,NYSE:ZIM,NYSE:TJX,NASDAQ:WIX,NYSE:DY,NYSE:WSM,NYSE:BERY,NASDAQ:GLBE,NYSE:RERE,NASDAQ:NVDA,NYSE:SNOW,NASDAQ:PANW,NASDAQ:JACK,NYSE:CPA,NYSE:SQM,NYSE:MMS,NYSE:CCIF,NASDAQ:ESEA,NYSE:BBAR,NASDAQ:BIDU,NASDAQ:PDD,NYSE:DE,NYSE:BJ,NYSE:VSTS,NASDAQ:WMG,NYSE:BEKE,NASDAQ:IQ,NASDAQ:NNOX,NASDAQ:SCVL,NASDAQ:INTU,NYSE:ESTC,NYSE:GAP,NASDAQ:ROST,NASDAQ:NTAP,NASDAQ:CPRT,NYSE:UGI,NASDAQ:MATW,NYSE:NGVC,NASDAQ:LGTY,NYSE:GB,NASDAQ:ADXN

  
[https://www.tradingview.com/support/solutions/43000487233-how-to-import-or-export-watchlist/](https://www.tradingview.com/support/solutions/43000487233-how-to-import-or-export-watchlist/)

  
I know... I know.... only NVDA matters ![img](emote|t5_2th52|4260)",69,1731689397.0,snow
"**Summary for Weekly Earnings Thread 11/18 - 11/22**

1Ô∏è‚É£ **Market Vibe Check**: üìâ The sentiment is mixed but leaning bearish ahead of major earnings reports next week, with traders on edge about NVDA's upcoming release setting the tone for tech. Concerns over inflation and macroeconomic indicators are also adding to caution.

2Ô∏è‚É£ **Top Stock Plays**: 
- **[$NVDA](https://x.com/search?q=%24NVDA&src=cashtag_click)**: üé¢ High anticipation; expecting volatility. If they beat, bulls could charge, but a miss could send shockwaves.
- **[$WMT](https://x.com/search?q=%24WMT&src=cashtag_click)**: üéØ Calls are popular; traders are banking on holiday sales driving a 90 strike jump post-earnings. Watch for consumer sentiment.
- **[$SNOW](https://x.com/search?q=%24SNOW&src=cashtag_click)**: ‚ùÑÔ∏è Mixed feelings; historically volatile post-earnings. Expecting a possible bounce but high risk due to recent downgrades.
- **[$PANW](https://x.com/search?q=%24PANW&src=cashtag_click)**: üîí Buzz around calls; history shows the stock dips post-earnings despite beating.

3Ô∏è‚É£ **Rising Stars**: 
- **[$SYM](https://x.com/search?q=%24SYM&src=cashtag_click)**: üöÄ Surging mentions; potential breakout play, currently gaining momentum.
- **[$ZTO](https://x.com/search?q=%24ZTO&src=cashtag_click)**: üì¶ Increasing chatter as interest builds; traders looking for a dip buy opportunity based on earnings.

4Ô∏è‚É£ **Hidden Gems**: 
- **[$JACK](https://x.com/search?q=%24JACK&src=cashtag_click)**: üçî Strong positive vibes from recent earnings; could attract more attention post-earnings.
- **[$GAP](https://x.com/search?q=%24GAP&src=cashtag_click)**: üëñ Possible recovery play; analysts hint at potential upside after recent underperformance.

5Ô∏è‚É£ **Forecast & Actionable Insights**: 
- **$NVDA**: ‚ö†Ô∏è If you're risking it, consider a straddle to capitalize on expected volatility; timing is key. Maybe grab puts if you're bearish.
- **$WMT**: üí° Lock in some profits from calls pre-earnings; market seems to expect a pop, but be prepared for a sell-off.
- **$SNOW**: ‚òÉÔ∏è Short puts might be a way to capitalize on a rebound if the market gives it a bump after earnings.
- **Diversify**: üå™Ô∏è Keep an eye on correlated tech stocks like $MU for hedging NVDA plays to manage risk better.

[View Discussion](https://i.redd.it/81m4ue5uy21e1.jpeg)",179,1731897923.0,snow
snow calls ‚ùÑÔ∏è,22,1731683889.0,snow
"Was looking at SNOW calls this afternoon, checked the chart, thought ""this looks primed to rip.""

And then did NOTHING.

But had I bought calls we'd be -18% rn.",20,1732140536.0,snow
"Record: 0-4

Last pick: SNOW puts ‚ùå

Next pick: PDD puts",15,1732167883.0,snow
#Just buy $SNOW everyone thinks it‚Äôll go down,14,1732116909.0,snow
LET IT SNOW ‚ùÑÔ∏è,13,1732137302.0,snow
SNOW!!! ![img](emote|t5_2th52|4276),14,1732146016.0,snow
I bought 6k worth of snow 145 calls yesterday. Now I wish I bought more üòûüòû,12,1732140368.0,snow
SNOW is gonna pump,10,1731704687.0,snow
Snowflake launching a rocket üöÄ,10,1732136935.0,snow
Congrats to SNOW,9,1732138943.0,snow
Who got snow calls,10,1732168487.0,snow
SNOW üéâüéâüéâ Finally a good ER üôå Up over 13% üôå,8,1732137463.0,snow
"How can you not bet on $snow in this sub?

Would be like not betting on $hookers",8,1732151867.0,snow
#tis the season to be $SNOW ing,9,1732197573.0,snow
"SNOW calls

all the ai stocks going up recently",15,1731794455.0,snow
In for SNOW to go up. My bet is Massively undervalued and huge AI play - people need to use it as the storage layer for big data!,7,1731716190.0,snow
Snow calls,6,1731716483.0,snow
Snow or Nvidia calls?,6,1732111062.0,snow
Damn SNOW crushed,7,1732140146.0,snow
IT'S SNOWING.,5,1732136741.0,snow
"Let it snow, bitches.",6,1732136941.0,snow
IDK when Nvidia ER coming but SNOW going up and up.,6,1732137212.0,snow
SNOWman in the building!,7,1732137444.0,snow
"Okay so WMT calls, SNOW calls",11,1731891177.0,snow
Someone please tell me if SNOW is actually bullish and not some big mistake,5,1731885710.0,snow
Whats the prediction for snow ?,5,1732133045.0,snow
Oh hell yeah snow!,5,1732136972.0,snow
Let it SNOW let it SNOW let it SNOW ‚ùÑÔ∏è‚ùÑÔ∏è‚ùÑÔ∏è,8,1732140830.0,snow
What are we thinking about SNOW,4,1731696651.0,snow
"You guys think NVDA gonna set the market? 

Also does SNOW always fall on earnings wtf? Seems like every earnings this year they've tanked",4,1731709881.0,snow
#$SNOW the way,4,1732131305.0,snow
"SNOW showing up NVDA, embarrassing ![img](emote|t5_2th52|31225)",3,1732137566.0,snow
"Got out of my MU calls which was smart.

Got out of my SNOW calls which was dumb.",4,1732137763.0,snow
Glad I fomod into snow 140c at 3:59pm ![img](emote|t5_2th52|4276),7,1732137730.0,snow
Who bought snow calls? 15x now! Thought about it but didn‚Äôt have enough money to risk! I am the loser,5,1732206297.0,snow
"damn I had target calls that blew up this morning and now I got panw and snow puts, at least panw will make a little back",3,1732140859.0,snow
"my put for this week: SNOW, my call: MDT",3,1731774271.0,snow
Snow puts. Too bullish in here. Can‚Äôt be wrong 3 times,6,1732133241.0,snow
Holy fuk SNOW LOL ![img](emote|t5_2th52|4267)![img](emote|t5_2th52|4271)![img](emote|t5_2th52|4276),2,1732139159.0,snow
I need a consensus on SNOW so I can inverse. Calls or puts?,3,1731933432.0,snow
I say puts SNOW just because I never use non google cloud storage in my day to day life,4,1732119331.0,snow
Thoughts on Snowflake? What are the chances for a stock price recovery?,1,1731821444.0,snow
PANW calls. SNOW puts,1,1732100455.0,snow
PANW PUTS. SNOW CALLS,2,1732075515.0,snow
the premiums for snow are nuts.,1,1731996226.0,snow
Snow calls ( dec 20th) 170. Thank rddt later,3,1732125013.0,snow
"Yeah, but their stock based compensation is out of control. $1.29B in the last 12 months. And they haven‚Äôt been able to support their nosebleed valuation with slowing growth. I think SNOW could trade sideways for a while before they grow into their valuation.",3,1731725152.0,snow
Hopefully the snow turns into a big juicy SNOWBALL and keeps getting bigger![img](emote|t5_2th52|4276),2,1732140263.0,snow
"SNOW calls is a bad idea, they have been trending down since the AT&T breach, Google trends, snowflake login",5,1731895127.0,snow
Snow lands on top!,1,1732153126.0,snow
"I got x11 90C 12/20 when calls price was at $0.40 My plan is to sell after earnings if it goes up decently. The problem with holding til December to see if it goes higher it‚Äôs the gains being burned by theta. Remember Walmart is not known for being volatile, when you see gains you sell and then start again with a farthest date, doing the snowball effect with the gains. 

If you‚Äôre taking long calls, you should sell when u see at least +100% gains and then roll position. I've been doing this since Walmart was at $50~ and it worked for me. 

You can always buy shares as hedge, Walmart is very promising and decent.",2,1731875259.0,snow
"im in SNOW, PANW, ZIM, TGT, and WSM",3,1732096536.0,snow
Will try to ride snow to grind some quick gains,2,1732153057.0,snow
this one will most likely hit for you. Ive been watching snow. Its due for a nice dump,0,1732127286.0,snow
"Damn! I sold all my snow (investment + gains) into nvdia, good amount in stocks. Don't know I have the energy to hustle in the morning anymore. Good luck to you, hope you make some gains.",2,1732153176.0,snow
SNOW party baby 200$ eow,1,1732139779.0,snow
"![img](emote|t5_2th52|4260)

Not sure if any more juice left in snow for this week. Long term, yes.",1,1732153491.0,snow
"Some implied moves for earnings next week( up or down degenerates) -136 companies reporting:

[$NVDA](https://x.com/search?q=%24NVDA&src=cashtag_click) 9.8%  
[$SNOW](https://x.com/search?q=%24SNOW&src=cashtag_click) 11.6%  
[$PANW](https://x.com/search?q=%24PANW&src=cashtag_click) 8.8%  
[$WMT](https://x.com/search?q=%24WMT&src=cashtag_click) 5.3%  
[$LOW](https://x.com/search?q=%24LOW&src=cashtag_click) 4.3%  
[$TGT](https://x.com/search?q=%24TGT&src=cashtag_click) 9.0%  
[$ESTC](https://x.com/search?q=%24ESTC&src=cashtag_click) 16.9%  
[$ROST](https://x.com/search?q=%24ROST&src=cashtag_click) 6.3%  
[$NTAP](https://x.com/search?q=%24NTAP&src=cashtag_click) 8.0%  
[$BIDU](https://x.com/search?q=%24BIDU&src=cashtag_click) 6.4%  
[$PDD](https://x.com/search?q=%24PDD&src=cashtag_click) 9.4%  
[$DE](https://x.com/search?q=%24DE&src=cashtag_click) 5.5%  
[$JACK](https://x.com/search?q=%24JACK&src=cashtag_click) 15.9%  
[$TJX](https://x.com/search?q=%24TJX&src=cashtag_click) 4.7%  
[$WIX](https://x.com/search?q=%24WIX&src=cashtag_click) 13.3%  
[$DY](https://x.com/search?q=%24DY&src=cashtag_click) 14.4%  
[$WSM](https://x.com/search?q=%24WSM&src=cashtag_click) 13.7%  
[$INTU](https://x.com/search?q=%24INTU&src=cashtag_click) 5.5%  
[$GAP](https://x.com/search?q=%24GAP&src=cashtag_click) 13.2%  
[$CPRT](https://x.com/search?q=%24CPRT&src=cashtag_click) 7.2%   
[$MDT](https://x.com/search?q=%24MDT&src=cashtag_click) 3.7%  
[$ZTO](https://x.com/search?q=%24ZTO&src=cashtag_click) 11.0%  
[$NIO](https://x.com/search?q=%24NIO&src=cashtag_click) 11.8%  
[$FUTU](https://x.com/search?q=%24FUTU&src=cashtag_click) 10.1%  
[$XPEV](https://x.com/search?q=%24XPEV&src=cashtag_click) 11.2%  
[$SCVL](https://x.com/search?q=%24SCVL&src=cashtag_click) 13.3%  
[$SYM](https://x.com/search?q=%24SYM&src=cashtag_click) 19.7%",82,1731858258.0,sym
"since I just did the work; you can copy paste this into a notepad file, save and import to tradingview watchlist for all the tickers in order of earnings:

NASDAQ:BTBT,NASDAQ:BTDR,NASDAQ:EH,NYSE:BRC,NASDAQ:TWST,NASDAQ:MOND,NASDAQ:CLRB,NASDAQ:SYM,NASDAQ:TCOM,NYSE:BRBR,NYSE:TUYA,NYSE:ACM,NASDAQ:ZENV,NASDAQ:IIIV,NASDAQ:NRXP,NYSE:WMT,NASDAQ:WKHS,NYSE:LOW,NYSE:XPEV,NYSE:MDT,NASDAQ:FUTU,NYSE:VIPS,NYSE:VIK,NASDAQ:ATAT,NYSE:MYTE,NASDAQ:POWL,NYSE:AZEK,NYSE:KEYS,NYSE:ZTO,NYSE:LZB,NYSE:KORE,NYSE:DLB,NYSE:DNMR,NASDAQ:SBLK,NASDAQ:QFIN,NYSE:NIO,NYSE:TGT,NYSE:ZIM,NYSE:TJX,NASDAQ:WIX,NYSE:DY,NYSE:WSM,NYSE:BERY,NASDAQ:GLBE,NYSE:RERE,NASDAQ:NVDA,NYSE:SNOW,NASDAQ:PANW,NASDAQ:JACK,NYSE:CPA,NYSE:SQM,NYSE:MMS,NYSE:CCIF,NASDAQ:ESEA,NYSE:BBAR,NASDAQ:BIDU,NASDAQ:PDD,NYSE:DE,NYSE:BJ,NYSE:VSTS,NASDAQ:WMG,NYSE:BEKE,NASDAQ:IQ,NASDAQ:NNOX,NASDAQ:SCVL,NASDAQ:INTU,NYSE:ESTC,NYSE:GAP,NASDAQ:ROST,NASDAQ:NTAP,NASDAQ:CPRT,NYSE:UGI,NASDAQ:MATW,NYSE:NGVC,NASDAQ:LGTY,NYSE:GB,NASDAQ:ADXN

  
[https://www.tradingview.com/support/solutions/43000487233-how-to-import-or-export-watchlist/](https://www.tradingview.com/support/solutions/43000487233-how-to-import-or-export-watchlist/)

  
I know... I know.... only NVDA matters ![img](emote|t5_2th52|4260)",67,1731689397.0,sym
"**Summary for Weekly Earnings Thread 11/18 - 11/22**

1Ô∏è‚É£ **Market Vibe Check**: üìâ The sentiment is mixed but leaning bearish ahead of major earnings reports next week, with traders on edge about NVDA's upcoming release setting the tone for tech. Concerns over inflation and macroeconomic indicators are also adding to caution.

2Ô∏è‚É£ **Top Stock Plays**: 
- **[$NVDA](https://x.com/search?q=%24NVDA&src=cashtag_click)**: üé¢ High anticipation; expecting volatility. If they beat, bulls could charge, but a miss could send shockwaves.
- **[$WMT](https://x.com/search?q=%24WMT&src=cashtag_click)**: üéØ Calls are popular; traders are banking on holiday sales driving a 90 strike jump post-earnings. Watch for consumer sentiment.
- **[$SNOW](https://x.com/search?q=%24SNOW&src=cashtag_click)**: ‚ùÑÔ∏è Mixed feelings; historically volatile post-earnings. Expecting a possible bounce but high risk due to recent downgrades.
- **[$PANW](https://x.com/search?q=%24PANW&src=cashtag_click)**: üîí Buzz around calls; history shows the stock dips post-earnings despite beating.

3Ô∏è‚É£ **Rising Stars**: 
- **[$SYM](https://x.com/search?q=%24SYM&src=cashtag_click)**: üöÄ Surging mentions; potential breakout play, currently gaining momentum.
- **[$ZTO](https://x.com/search?q=%24ZTO&src=cashtag_click)**: üì¶ Increasing chatter as interest builds; traders looking for a dip buy opportunity based on earnings.

4Ô∏è‚É£ **Hidden Gems**: 
- **[$JACK](https://x.com/search?q=%24JACK&src=cashtag_click)**: üçî Strong positive vibes from recent earnings; could attract more attention post-earnings.
- **[$GAP](https://x.com/search?q=%24GAP&src=cashtag_click)**: üëñ Possible recovery play; analysts hint at potential upside after recent underperformance.

5Ô∏è‚É£ **Forecast & Actionable Insights**: 
- **$NVDA**: ‚ö†Ô∏è If you're risking it, consider a straddle to capitalize on expected volatility; timing is key. Maybe grab puts if you're bearish.
- **$WMT**: üí° Lock in some profits from calls pre-earnings; market seems to expect a pop, but be prepared for a sell-off.
- **$SNOW**: ‚òÉÔ∏è Short puts might be a way to capitalize on a rebound if the market gives it a bump after earnings.
- **Diversify**: üå™Ô∏è Keep an eye on correlated tech stocks like $MU for hedging NVDA plays to manage risk better.

[View Discussion](https://i.redd.it/81m4ue5uy21e1.jpeg)",180,1731897923.0,sym
 SYM up üí™,11,1731963730.0,sym
"SYM 18% shorted, 49% short volume. low float. up 30% AH‚Ä¶ can we?",10,1731965992.0,sym
"WMT beats, SYM hitting 45 tomorrow opening",9,1731981234.0,sym
SYM calls anyone?,6,1731688851.0,sym
SYM dumped last earnings. Gotta go up now right,8,1731908195.0,sym
"Thank you SYM. Thank you, let‚Äôs see 25 to 30% by tomorrow opening and I can sleep well",6,1731964813.0,sym
SYM up 30% on earnings,6,1732019564.0,sym
SYM,4,1731976954.0,sym
Well should I throw $1k at SYM,6,1731933762.0,sym
If you want to get your comments through don‚Äôt add a ticker symbol,3,1732136943.0,sym
how is SYM up to much after missing,1,1731998383.0,sym
AMZN having a poopie day cause of TEMU sympathy?,1,1732207934.0,sym
"genuine newbie question... can someone tell me why SYM went up 25% but the value of my call option didnt go up at all? 

is it cuz i picked too high of a strike price?",-6,1732045609.0,sym
SYM puts,-6,1731962139.0,sym
20% on sym holy shite,8,1731872177.0,sym
how is SYM rallying after missing,1,1731998483.0,sym
SYM breaking 40 tmrw,4,1731965530.0,sym
Sym needs to break 40 again,1,1732028293.0,sym
I'm long SYM. Looks good to me at the moment going into close. Do you though!,2,1731962839.0,sym
"Some implied moves for earnings next week( up or down degenerates) -136 companies reporting:

[$NVDA](https://x.com/search?q=%24NVDA&src=cashtag_click) 9.8%  
[$SNOW](https://x.com/search?q=%24SNOW&src=cashtag_click) 11.6%  
[$PANW](https://x.com/search?q=%24PANW&src=cashtag_click) 8.8%  
[$WMT](https://x.com/search?q=%24WMT&src=cashtag_click) 5.3%  
[$LOW](https://x.com/search?q=%24LOW&src=cashtag_click) 4.3%  
[$TGT](https://x.com/search?q=%24TGT&src=cashtag_click) 9.0%  
[$ESTC](https://x.com/search?q=%24ESTC&src=cashtag_click) 16.9%  
[$ROST](https://x.com/search?q=%24ROST&src=cashtag_click) 6.3%  
[$NTAP](https://x.com/search?q=%24NTAP&src=cashtag_click) 8.0%  
[$BIDU](https://x.com/search?q=%24BIDU&src=cashtag_click) 6.4%  
[$PDD](https://x.com/search?q=%24PDD&src=cashtag_click) 9.4%  
[$DE](https://x.com/search?q=%24DE&src=cashtag_click) 5.5%  
[$JACK](https://x.com/search?q=%24JACK&src=cashtag_click) 15.9%  
[$TJX](https://x.com/search?q=%24TJX&src=cashtag_click) 4.7%  
[$WIX](https://x.com/search?q=%24WIX&src=cashtag_click) 13.3%  
[$DY](https://x.com/search?q=%24DY&src=cashtag_click) 14.4%  
[$WSM](https://x.com/search?q=%24WSM&src=cashtag_click) 13.7%  
[$INTU](https://x.com/search?q=%24INTU&src=cashtag_click) 5.5%  
[$GAP](https://x.com/search?q=%24GAP&src=cashtag_click) 13.2%  
[$CPRT](https://x.com/search?q=%24CPRT&src=cashtag_click) 7.2%   
[$MDT](https://x.com/search?q=%24MDT&src=cashtag_click) 3.7%  
[$ZTO](https://x.com/search?q=%24ZTO&src=cashtag_click) 11.0%  
[$NIO](https://x.com/search?q=%24NIO&src=cashtag_click) 11.8%  
[$FUTU](https://x.com/search?q=%24FUTU&src=cashtag_click) 10.1%  
[$XPEV](https://x.com/search?q=%24XPEV&src=cashtag_click) 11.2%  
[$SCVL](https://x.com/search?q=%24SCVL&src=cashtag_click) 13.3%  
[$SYM](https://x.com/search?q=%24SYM&src=cashtag_click) 19.7%",82,1731858258.0,tgt
"since I just did the work; you can copy paste this into a notepad file, save and import to tradingview watchlist for all the tickers in order of earnings:

NASDAQ:BTBT,NASDAQ:BTDR,NASDAQ:EH,NYSE:BRC,NASDAQ:TWST,NASDAQ:MOND,NASDAQ:CLRB,NASDAQ:SYM,NASDAQ:TCOM,NYSE:BRBR,NYSE:TUYA,NYSE:ACM,NASDAQ:ZENV,NASDAQ:IIIV,NASDAQ:NRXP,NYSE:WMT,NASDAQ:WKHS,NYSE:LOW,NYSE:XPEV,NYSE:MDT,NASDAQ:FUTU,NYSE:VIPS,NYSE:VIK,NASDAQ:ATAT,NYSE:MYTE,NASDAQ:POWL,NYSE:AZEK,NYSE:KEYS,NYSE:ZTO,NYSE:LZB,NYSE:KORE,NYSE:DLB,NYSE:DNMR,NASDAQ:SBLK,NASDAQ:QFIN,NYSE:NIO,NYSE:TGT,NYSE:ZIM,NYSE:TJX,NASDAQ:WIX,NYSE:DY,NYSE:WSM,NYSE:BERY,NASDAQ:GLBE,NYSE:RERE,NASDAQ:NVDA,NYSE:SNOW,NASDAQ:PANW,NASDAQ:JACK,NYSE:CPA,NYSE:SQM,NYSE:MMS,NYSE:CCIF,NASDAQ:ESEA,NYSE:BBAR,NASDAQ:BIDU,NASDAQ:PDD,NYSE:DE,NYSE:BJ,NYSE:VSTS,NASDAQ:WMG,NYSE:BEKE,NASDAQ:IQ,NASDAQ:NNOX,NASDAQ:SCVL,NASDAQ:INTU,NYSE:ESTC,NYSE:GAP,NASDAQ:ROST,NASDAQ:NTAP,NASDAQ:CPRT,NYSE:UGI,NASDAQ:MATW,NYSE:NGVC,NASDAQ:LGTY,NYSE:GB,NASDAQ:ADXN

  
[https://www.tradingview.com/support/solutions/43000487233-how-to-import-or-export-watchlist/](https://www.tradingview.com/support/solutions/43000487233-how-to-import-or-export-watchlist/)

  
I know... I know.... only NVDA matters ![img](emote|t5_2th52|4260)",69,1731689397.0,tgt
"WMT calls, if WMT ends up beating, then TGT puts for later in the week as WMT is eating TGT's lunch in this inflationary environment.",18,1731947124.0,tgt
TGT calls but selling before ER.,7,1731699625.0,tgt
Who can afford to shop at TGT?,6,1732106750.0,tgt
Who bought those 40x tgt puts,7,1732152003.0,tgt
Tgt anyone?,6,1731689390.0,tgt
Hey tgt![img](emote|t5_2th52|4267),4,1732209638.0,tgt
TGT to 170+,7,1732042392.0,tgt
TGT ‚ù§Ô∏è,7,1732046078.0,tgt
3.5k into tgt shares,6,1732034389.0,tgt
Went in on TGT calls last minute because I‚Äôm a degenerate gambler. Looking forward to getting fucked come tomorrow morning ![img](emote|t5_2th52|52627),3,1732050224.0,tgt
Feel like a dumbass not selling tgt this morning,3,1732214944.0,tgt
TGT listed 9%  Actual 22%,1,1732192298.0,tgt
"I bought a couple puts just to feel like I'm attending the party. if TGT is losing grip on the 'broke middle class' market because they're all shopping at Walmart, I think GAP will lose them too. All three stores sell somewhat comparable clothing...",2,1732222094.0,tgt
I‚Äôm at a loss on my calls somehow. I‚Äôm hoping tgt beats earnings tom and drives walmart up,2,1732047970.0,tgt
"im in SNOW, PANW, ZIM, TGT, and WSM",3,1732096536.0,tgt
TGT is going to drop when people inevitably realize that WMT ate their business,-1,1732046555.0,tgt
"I picked jan 17 calls for TGT too, so if we both picked it, -30% at open tomorrow.",4,1732050293.0,tgt
Just bought gap on the dip. Drop was just a reaction to TGT crapping the bed.,3,1732117255.0,tgt
probably depends on tgt earnings tmrw but that would be crazy to see,1,1732031459.0,tgt
"I played some WMT 90c calendars, short 90c this week and long 90c for next week. risk is lower then buying calls outright. I think likely if WMT beats, that it will move above 90 temporarily then fall back down a bit.

If not, whatever. I plan to buy tgt puts if WMT beats",2,1731949217.0,tgt
Where you think TGT goes? 170+?,1,1731685747.0,tgt
Looks like TGT not WMT was the play,1,1732133965.0,tgt
I agree still quite a gamble everyone was confident on tgt calls before hand,1,1732227800.0,tgt
I got 12/6 TGT 170 Calls,2,1732052299.0,tgt
"My only issue with TGT is the IV is double that of WMT and the big play isn't really there. Not all of WMT's groceries come from the US and as to what degree it's really hard to even know. I know they say 2/3 of all their groceries are from the US but WMT is notorious for lying to promote their image. I don't think they are going to have a bad earnings and I think they will beat across the board. 

What I'm looking for here is a revised future earnings to the downside in anticipation of the tariff war and turbulence of the uncertainty the new cabinet nominations bring to the US and her trading partners. With the mood of the current market a weaker future earnings guidance could be all it takes. Shaving 5%-10% off the stock's price would still put it up 50% on the year.",4,1731782534.0,tgt
"yeah, probably because walmart took target's lunch.

puts on tgt",-1,1732041382.0,tgt
"Bud I've doubled my port in a month.

So everything I said in the other comment is true, except you weren't even sure about the play. ![img](emote|t5_2th52|31224)

And got so worked up because I hit the nail on the head

And why the fuck is TGT in the conversation now ![img](emote|t5_2th52|4271)

We both knew TGT was going to dump

Post your positions

God damn I hurt you by simply pointing out WMT 90c was a bad play

""Bu.. bu... I knew TGT was going to dump ![img](emote|t5_2th52|12787)""

TGT dumping only proves what I said about a consumer stock like this only hitting 20% change when it's down

Who cares, dude. And who cares you made a bad play on WMT

You need to take emotion out of trading immediately and simply learn from your mistakes rather than get all weird and defensive",1,1732115434.0,tgt
TGT is a core Becky Index stock. Never bet against Becky.,5,1732038952.0,tgt
"52 and I‚Äôll be happy, had 1k target, zim, and azek calls lol so gotta have 1 of em cancel out tgt üòÇ",1,1732112813.0,tgt
"Some implied moves for earnings next week( up or down degenerates) -136 companies reporting:

[$NVDA](https://x.com/search?q=%24NVDA&src=cashtag_click) 9.8%  
[$SNOW](https://x.com/search?q=%24SNOW&src=cashtag_click) 11.6%  
[$PANW](https://x.com/search?q=%24PANW&src=cashtag_click) 8.8%  
[$WMT](https://x.com/search?q=%24WMT&src=cashtag_click) 5.3%  
[$LOW](https://x.com/search?q=%24LOW&src=cashtag_click) 4.3%  
[$TGT](https://x.com/search?q=%24TGT&src=cashtag_click) 9.0%  
[$ESTC](https://x.com/search?q=%24ESTC&src=cashtag_click) 16.9%  
[$ROST](https://x.com/search?q=%24ROST&src=cashtag_click) 6.3%  
[$NTAP](https://x.com/search?q=%24NTAP&src=cashtag_click) 8.0%  
[$BIDU](https://x.com/search?q=%24BIDU&src=cashtag_click) 6.4%  
[$PDD](https://x.com/search?q=%24PDD&src=cashtag_click) 9.4%  
[$DE](https://x.com/search?q=%24DE&src=cashtag_click) 5.5%  
[$JACK](https://x.com/search?q=%24JACK&src=cashtag_click) 15.9%  
[$TJX](https://x.com/search?q=%24TJX&src=cashtag_click) 4.7%  
[$WIX](https://x.com/search?q=%24WIX&src=cashtag_click) 13.3%  
[$DY](https://x.com/search?q=%24DY&src=cashtag_click) 14.4%  
[$WSM](https://x.com/search?q=%24WSM&src=cashtag_click) 13.7%  
[$INTU](https://x.com/search?q=%24INTU&src=cashtag_click) 5.5%  
[$GAP](https://x.com/search?q=%24GAP&src=cashtag_click) 13.2%  
[$CPRT](https://x.com/search?q=%24CPRT&src=cashtag_click) 7.2%   
[$MDT](https://x.com/search?q=%24MDT&src=cashtag_click) 3.7%  
[$ZTO](https://x.com/search?q=%24ZTO&src=cashtag_click) 11.0%  
[$NIO](https://x.com/search?q=%24NIO&src=cashtag_click) 11.8%  
[$FUTU](https://x.com/search?q=%24FUTU&src=cashtag_click) 10.1%  
[$XPEV](https://x.com/search?q=%24XPEV&src=cashtag_click) 11.2%  
[$SCVL](https://x.com/search?q=%24SCVL&src=cashtag_click) 13.3%  
[$SYM](https://x.com/search?q=%24SYM&src=cashtag_click) 19.7%",82,1731858258.0,wmt
"since I just did the work; you can copy paste this into a notepad file, save and import to tradingview watchlist for all the tickers in order of earnings:

NASDAQ:BTBT,NASDAQ:BTDR,NASDAQ:EH,NYSE:BRC,NASDAQ:TWST,NASDAQ:MOND,NASDAQ:CLRB,NASDAQ:SYM,NASDAQ:TCOM,NYSE:BRBR,NYSE:TUYA,NYSE:ACM,NASDAQ:ZENV,NASDAQ:IIIV,NASDAQ:NRXP,NYSE:WMT,NASDAQ:WKHS,NYSE:LOW,NYSE:XPEV,NYSE:MDT,NASDAQ:FUTU,NYSE:VIPS,NYSE:VIK,NASDAQ:ATAT,NYSE:MYTE,NASDAQ:POWL,NYSE:AZEK,NYSE:KEYS,NYSE:ZTO,NYSE:LZB,NYSE:KORE,NYSE:DLB,NYSE:DNMR,NASDAQ:SBLK,NASDAQ:QFIN,NYSE:NIO,NYSE:TGT,NYSE:ZIM,NYSE:TJX,NASDAQ:WIX,NYSE:DY,NYSE:WSM,NYSE:BERY,NASDAQ:GLBE,NYSE:RERE,NASDAQ:NVDA,NYSE:SNOW,NASDAQ:PANW,NASDAQ:JACK,NYSE:CPA,NYSE:SQM,NYSE:MMS,NYSE:CCIF,NASDAQ:ESEA,NYSE:BBAR,NASDAQ:BIDU,NASDAQ:PDD,NYSE:DE,NYSE:BJ,NYSE:VSTS,NASDAQ:WMG,NYSE:BEKE,NASDAQ:IQ,NASDAQ:NNOX,NASDAQ:SCVL,NASDAQ:INTU,NYSE:ESTC,NYSE:GAP,NASDAQ:ROST,NASDAQ:NTAP,NASDAQ:CPRT,NYSE:UGI,NASDAQ:MATW,NYSE:NGVC,NASDAQ:LGTY,NYSE:GB,NASDAQ:ADXN

  
[https://www.tradingview.com/support/solutions/43000487233-how-to-import-or-export-watchlist/](https://www.tradingview.com/support/solutions/43000487233-how-to-import-or-export-watchlist/)

  
I know... I know.... only NVDA matters ![img](emote|t5_2th52|4260)",65,1731689397.0,wmt
"**Summary for Weekly Earnings Thread 11/18 - 11/22**

1Ô∏è‚É£ **Market Vibe Check**: üìâ The sentiment is mixed but leaning bearish ahead of major earnings reports next week, with traders on edge about NVDA's upcoming release setting the tone for tech. Concerns over inflation and macroeconomic indicators are also adding to caution.

2Ô∏è‚É£ **Top Stock Plays**: 
- **[$NVDA](https://x.com/search?q=%24NVDA&src=cashtag_click)**: üé¢ High anticipation; expecting volatility. If they beat, bulls could charge, but a miss could send shockwaves.
- **[$WMT](https://x.com/search?q=%24WMT&src=cashtag_click)**: üéØ Calls are popular; traders are banking on holiday sales driving a 90 strike jump post-earnings. Watch for consumer sentiment.
- **[$SNOW](https://x.com/search?q=%24SNOW&src=cashtag_click)**: ‚ùÑÔ∏è Mixed feelings; historically volatile post-earnings. Expecting a possible bounce but high risk due to recent downgrades.
- **[$PANW](https://x.com/search?q=%24PANW&src=cashtag_click)**: üîí Buzz around calls; history shows the stock dips post-earnings despite beating.

3Ô∏è‚É£ **Rising Stars**: 
- **[$SYM](https://x.com/search?q=%24SYM&src=cashtag_click)**: üöÄ Surging mentions; potential breakout play, currently gaining momentum.
- **[$ZTO](https://x.com/search?q=%24ZTO&src=cashtag_click)**: üì¶ Increasing chatter as interest builds; traders looking for a dip buy opportunity based on earnings.

4Ô∏è‚É£ **Hidden Gems**: 
- **[$JACK](https://x.com/search?q=%24JACK&src=cashtag_click)**: üçî Strong positive vibes from recent earnings; could attract more attention post-earnings.
- **[$GAP](https://x.com/search?q=%24GAP&src=cashtag_click)**: üëñ Possible recovery play; analysts hint at potential upside after recent underperformance.

5Ô∏è‚É£ **Forecast & Actionable Insights**: 
- **$NVDA**: ‚ö†Ô∏è If you're risking it, consider a straddle to capitalize on expected volatility; timing is key. Maybe grab puts if you're bearish.
- **$WMT**: üí° Lock in some profits from calls pre-earnings; market seems to expect a pop, but be prepared for a sell-off.
- **$SNOW**: ‚òÉÔ∏è Short puts might be a way to capitalize on a rebound if the market gives it a bump after earnings.
- **Diversify**: üå™Ô∏è Keep an eye on correlated tech stocks like $MU for hedging NVDA plays to manage risk better.

[View Discussion](https://i.redd.it/81m4ue5uy21e1.jpeg)",178,1731897923.0,wmt
WMT $90![img](emote|t5_2th52|4258),37,1731685058.0,wmt
People in here talking about WMT calls. You know what that means ![img](emote|t5_2th52|12787),33,1731686402.0,wmt
"Decided to inverse everyone here and went with WMT puts. Not looking good so far after hours, but earnings doesn‚Äôt come out till tomorrow morning. If WMT skyrockets after earnings despite already being up 62% YTD, then it was all because of me so you‚Äôre welcome.",25,1731983173.0,wmt
nice 25k gain on wmt ![img](emote|t5_2th52|8883),26,1732030716.0,wmt
WMT üöÄüöÄüöÄ,18,1731975250.0,wmt
WMT $90 CALL 1/17/25,17,1731688583.0,wmt
"WMT calls, if WMT ends up beating, then TGT puts for later in the week as WMT is eating TGT's lunch in this inflationary environment.",17,1731947124.0,wmt
WMT to the mooooon,18,1732018864.0,wmt
140 100C for WMT I've been holding for 2-3 Months. Mar '25 Exp. Please continue to fly!,14,1731696347.0,wmt
"$WMT

Revenue Estimate: 167.69 Bn ‚Ä¶ Actual: 169.6 Bn ‚Ä¶
***BEAT***

EPS Estimate: 0.53 ‚Ä¶ Actual: 0.58 ‚Ä¶ 
***BEAT***


$MDT

Revenue Estimate: 8.27 Bn ‚Ä¶ Actual: 8.40 Bn ‚Ä¶ 
***BEAT***

EPS Estimate: 1.25 ‚Ä¶. Actual: 1.26 ‚Ä¶ 
***BEAT***

w/ Raise in guidance",13,1732018381.0,wmt
"Welp, WMT beat. Hallelujah",13,1732022164.0,wmt
Picked up 10 WMT 88c 11/29.  Still have ‚âà400 for something else,12,1731688575.0,wmt
WMT calls at the end of the day for me,13,1731948828.0,wmt
so is WMT worth it?,10,1731688679.0,wmt
All this wmt 90 call talk making me think I should sell mine now and take my 7% ![img](emote|t5_2th52|4640),16,1731694492.0,wmt
!banbet WMT 90 1w,8,1731685651.0,wmt
"I‚Äôm all in on WMT, I‚Äôm putting my last $800 on the line. Let‚Äôs hope it goes up, 2 $85 calls 11/22 and 1 $87.5 call 3/21/25",8,1731698502.0,wmt
I bought 250 shares of WMT at $84.26 today.  How should I be feeling right now?,8,1731968937.0,wmt
"WMT beats, SYM hitting 45 tomorrow opening",7,1731981234.0,wmt
"WMT calls. 

NVDA straddle, but I think puts are the play. They'd need some of the most insane numbers to break $150",15,1731683649.0,wmt
What time does the WMT earnings report come out?,7,1731971310.0,wmt
"lol -800 on WMT. I inverse WSB and still get fucked. 62% up YTD? Nah let‚Äôs go for 100% up, that‚Äôs definitely healthy.",6,1732018444.0,wmt
"Not really good at reading stocks but i‚Äôm learning , is it a good sign that WMT is going up a lot in the after market ?",5,1731976170.0,wmt
"Okay so WMT calls, SNOW calls",11,1731891177.0,wmt
Sold my 36 86 dollar strike wmt calls for a 30% gain or 2200 dollars at open. After seeing that drop premarket I was like nope get me outta here,10,1732027661.0,wmt
"$WMT 90c 11/29 
Safe pick?",6,1731732620.0,wmt
"Even when I was right with the direction, somehow I chose the worst performers. GOOG, AMZN, WMT, NVMI, I'm looking at you.",6,1732200384.0,wmt
Got 4x WMT 90C 12/20 ![img](emote|t5_2th52|8883),4,1731715153.0,wmt
WMT slippin,5,1732024519.0,wmt
"Apparently I missed the today's peak for WMT, my Dec'20 90C are down -15%. AGAIN. God knows when they are profitable again.",6,1732037397.0,wmt
are wmt 90c too out of the money? should i sell out of it üôè,5,1731950631.0,wmt
WMT it is since it was the only one with amazing news and the stock market actually rewarded it justly.,3,1732205145.0,wmt
WMT puts. Can‚Äôt be wrong twice,7,1732017102.0,wmt
"Those of you who thought your WMT 90c would print first thing this morning is an example of playing a department/consumer sector stock like a tech stock. 

No one gives a fuck about dep/consumer right now unless it's costco

Did you really think it was going to jump 10-20%?

The only thing causing a 10-20% change in a stock like this is a miss sending it down in the dumps",6,1732039729.0,wmt
WMT 90C 11/22-11/29 calendar spread at .14 and 100C 12/20 - 01/17/25 at .23,2,1731705815.0,wmt
Got WMT 86c and LOW 262.5p. Should I hold or sell,2,1732023698.0,wmt
Should i sell wmt now ?,2,1732025321.0,wmt
WMT $100 EOW,3,1732030884.0,wmt
My WMT 90C 22/11 are probably cooked. -40% already. Thinking to roll out further (17/1/2025). Should've done this instead of buying cheap FDs,2,1731694594.0,wmt
"Everytime I go into an option now I just lose. I went puts and calls on wmt and the same thing happens I just lose, it‚Äôs like the market knows my moves",1,1732026948.0,wmt
"WMT puts, trust me they gonna take 83c otm soon",-5,1731960238.0,wmt
"Thanks for the pic re: earnings thread. Not sure what's going to happen with NVDA because semi's have rolled over of late. Could go either way, but I wouldn't bet against Jenson. I'll be looking at TCOM, WMT, VIK, INTU only because tech has been pulling back. Do you have any faves?",2,1731691346.0,wmt
Just scooped it up. 25 WMT 90c 1/17/25.  ![img](emote|t5_2th52|12787),17,1731685069.0,wmt
Consumer spending data up the whole quarter bigly.  WMT calls printing.  ![img](emote|t5_2th52|4271),16,1731781624.0,wmt
WMT missing means lower income hh are broke. That‚Äôs your true market indicator,3,1731849315.0,wmt
WMT CMP@83.96. We shall see.,1,1731948454.0,wmt
WMT CMP@83.96. We shall see.,2,1731948466.0,wmt
We shall see. Have long strangle on WMT@C90 and P80. Might be a little bit too much out of money and IV crush will kill my position. People who have more capital are able to get positions closer to ITM.,3,1731948713.0,wmt
WMT 90C,2,1731945139.0,wmt
What strike and expiry WMT calls are you going for?,1,1731774845.0,wmt
11 million illegals will be deported. Most of have stopped shopping at WMT to save their money.,4,1731865360.0,wmt
If you bought C90 then what is your price prediction for WMT post earnings?,1,1731861148.0,wmt
"$WMT bears may need to lube it up. 

Update: I am also a $WMT bear without lube. Minor holdings, but puts nonetheless 

https://preview.redd.it/5xbqzgc32t1e1.png?width=962&format=png&auto=webp&s=7b2cef94346e00cd128aa68eead3262defeb2a3f",1,1731999033.0,wmt
"**Ban Bet Created:** **/u/jamrem** bet **WMT** goes from **84.54** to **90.0** before **22-Nov-2024 10:48 AM EST**

Their record is 0 wins and 0 losses.

[**Join WSB Discord**](http://discord.gg/wsbverse)",7,1731685739.0,wmt
"Comfortable just hold shares, WMT been a growth company since it started.",6,1731982711.0,wmt
"WMT calls, make a few million, let it ride into target calls, retire",11,1731684644.0,wmt
what you think wmt going to,1,1731697402.0,wmt
sorry i bought WMT,13,1731950764.0,wmt
"WMT, shaking out the paper hands before earnings.",4,1731956462.0,wmt
WMT $90 CALLs 1/17/2025.,11,1731956348.0,wmt
"Also holding on to December and January AFRM, DAL and WMT calls which are holding me green too.",3,1731700838.0,wmt
"I mean, it's only up 60% so far this year and another 10% would be pretty crazy for a stock that never moved like that before. Not even a year since the 3:1 split and it's pretty much halfway back to the pre split price.

I think the realization of how dumb the next four years are going to be started to sink in before the weekend and tariffs are going to absolutely crush WMT's profit since they rely on cheaply made foreign goods. The US does not have the manufacturing capability to produce these goods and even if we did it would be much more expensive and it would be a couple of years before they could even get those items off an assembly line.

I could be incredibly wrong but I'm willing to pick up a few 11/22 $78 puts to see.

Almost have the feeling like it's May 2022 again. WMT was trading at $148 ish before reporting and $135 puts were $35 and $130 were $17 a contract. By the end of the week WMT was at $120.",7,1731773826.0,wmt
I still haven't sold my WMT 90 calls. you think it can reach 90 by Jan?,2,1732200670.0,wmt
"Yeah, I'm on WMT calls as well. Cheerio.",2,1731729754.0,wmt
Yeah I think I'll buy some wmt calls on Monday.,1,1731716249.0,wmt
TGT is going to drop when people inevitably realize that WMT ate their business,-1,1732046555.0,wmt
"not everyone played it relying on a 10-20% jump.

also, you're a fucking moron, 90c wasn't even a 10% jump from the closing price yesterday. if WMT jumped 10%, the calls would've 3x at a minimum, maybe more.",3,1732041314.0,wmt
"I've been filing my taxes with turbo tax the past 10 years and monitoring my credit scores with credit karma for almost as long. And tax season is coming up

That said, who knows what the future administration will bring as far as the necessity of tax preparation is concerned and I didn't feel the risk is worth the reward (I can't see it moving more than 5%)

So I'm sitting it out

But turbo tax and credit karma are powerhouses so I could be wrong on the movement. I just feel eyes are on different sectors at the moment so it would probably be more of a WMT thing unless it's a miss/dump",2,1732039360.0,wmt
"**Ban Bet Created:** **/u/Smooth_Comparison_32** bet **WMT** goes from **84.42** to **90.0** before **19-Nov-2024 08:42 PM EST**

Their record is 0 wins and 1 losses.

[**Join WSB Discord**](http://discord.gg/wsbverse)",2,1731807778.0,wmt
wish i got calls at open instead of playing WMT,1,1731950807.0,wmt
"**Ban Bet Created:** **/u/Foreign_Location_636** bet **WMT** goes from **85.42** to **90.0** before **25-Nov-2024 09:48 PM EST**

Their record is 0 wins and 0 losses.

[**Join WSB Discord**](http://discord.gg/wsbverse)",1,1731984529.0,wmt
You already have a bet going - WMT to 87.8644 before 22-Nov-2024 04:02 PM -05,6,1731948743.0,wmt
"I played some WMT 90c calendars, short 90c this week and long 90c for next week. risk is lower then buying calls outright. I think likely if WMT beats, that it will move above 90 temporarily then fall back down a bit.

If not, whatever. I plan to buy tgt puts if WMT beats",2,1731949217.0,wmt
"Implied movement was only in the 3-4% range, so it makes sense, WMT has never been a highly volatile stock to begin with",5,1732024134.0,wmt
">Most of have stopped shopping at WMT to save their money.

And what, started shopping at Trader Joes? ![img](emote|t5_2th52|4271)

Why do you think they were shopping at Walmart to begin with, regard",15,1731869867.0,wmt
Looks like TGT not WMT was the play,1,1732133965.0,wmt
"WMT $90 CALLs 1/17/2025.
!RemindMe 1 day",6,1731956449.0,wmt
Think WMT will beat earnings?,1,1731704362.0,wmt
"Did you look at wmt ER?

Massive beat and raise coming.",5,1732036605.0,wmt
"Did it jump 10%? Was my whole point that it wasn't going to jump 10%? Did you already say that you ""weren't relying on a 10% jump ![img](emote|t5_2th52|18630)""?

Have you basically just admitted that you have 90c, acted like you weren't expecting a 10% jump, while showing that you actually were by saying, ""90c wasn't even a 10% jump from the closing price yesterday. if WMT jumped 10%, the calls would've 3x at a minimum, maybe more."" (even though my point was that it wouldn't jump 10% putting your 90c ITM), and then called me the moron? ![img](emote|t5_2th52|4271)

![img](emote|t5_2th52|31224)",0,1732041911.0,wmt
Prolly sell LOW p at open. Shouldn‚Äôt i hold WMT tho?,1,1732024136.0,wmt
Shut up biiiitch I‚Äôm on 11/29 90C $WMT,-6,1732030229.0,wmt
"My only issue with TGT is the IV is double that of WMT and the big play isn't really there. Not all of WMT's groceries come from the US and as to what degree it's really hard to even know. I know they say 2/3 of all their groceries are from the US but WMT is notorious for lying to promote their image. I don't think they are going to have a bad earnings and I think they will beat across the board. 

What I'm looking for here is a revised future earnings to the downside in anticipation of the tariff war and turbulence of the uncertainty the new cabinet nominations bring to the US and her trading partners. With the mood of the current market a weaker future earnings guidance could be all it takes. Shaving 5%-10% off the stock's price would still put it up 50% on the year.",4,1731782534.0,wmt
"when SPY dumps like this ppl get scared, i wouldn‚Äôt want to be holding calls when people are panicking 

also outside of eps WMT numbers weren‚Äôt great so i personally don‚Äôt have too much confidence in it going higher",0,1732024235.0,wmt
I just got WMT for tomorrow. Fingers crossed they bullshit their forward guidance amazingly,2,1731964578.0,wmt
"I explained the mental gymnastics in the other comment, regard

>Did it jump 10%? Was my whole point that it wasn't going to jump 10%? Did you already say that you ""weren't relying on a 10% jump !""? ![img](emote|t5_2th52|18630)

>Have you basically just admitted that you have 90c, acted like you weren't expecting a 10% jump, while showing that you actually were by saying, ""90c wasn't even a 10% jump from the closing price yesterday. if WMT jumped 10%, the calls would've 3x at a minimum, maybe more."" (even though my point was that it wouldn't jump 10% putting your 90c ITM), and then called me the moron? ![img](emote|t5_2th52|4271)",1,1732114297.0,wmt
"Bud I've doubled my port in a month.

So everything I said in the other comment is true, except you weren't even sure about the play. ![img](emote|t5_2th52|31224)

And got so worked up because I hit the nail on the head

And why the fuck is TGT in the conversation now ![img](emote|t5_2th52|4271)

We both knew TGT was going to dump

Post your positions

God damn I hurt you by simply pointing out WMT 90c was a bad play

""Bu.. bu... I knew TGT was going to dump ![img](emote|t5_2th52|12787)""

TGT dumping only proves what I said about a consumer stock like this only hitting 20% change when it's down

Who cares, dude. And who cares you made a bad play on WMT

You need to take emotion out of trading immediately and simply learn from your mistakes rather than get all weird and defensive",1,1732115434.0,wmt
Well said. Let‚Äôs hope that WMT can hold til open so i can take some profits.,1,1732024385.0,wmt
Not CPI so much as the monthly retail sales report. October sales were up 0.4% for the month and 2.6% over the prior year. And with the economy for lower end consumers being a bit down it will drive more sales to WMT.,2,1731996054.0,wmt
"Who said I lost money on WMT, kiddo",1,1732046102.0,wmt
"Would you look at that, WMT is printing for all the shitheads that downvoted.",1,1732289144.0,wmt
