Headline,Date,company,company_full_name,sentiment_score,sentiment_label
"These Stocks Moved the Most Today: Nvidia, Alphabet, Super Micro, Snowflake, Deere, MicroStrategy, PDD, and More",2024-11-21 18:44:35,snow,Snowflake,0.953119,Positive
"MongoDB, Other Data Software Stocks Rally On Strong Snowflake Results",2024-11-21 18:44:35,snow,Snowflake,0.71464974,Positive
Why Are Snowflake (SNOW) Shares Soaring Today,2024-11-21 18:44:35,snow,Snowflake,-0.40834808,Negative
Here's Why Snowflake Stock Skyrocketed Today,2024-11-21 18:44:35,snow,Snowflake,0.7927259,Positive
Snowflake Stock Has Best Day Ever After Earnings. It May Mark the End of  the Nvidia Powered Chip Trade.,2024-11-21 18:44:35,snow,Snowflake,0.95033205,Positive
Snowflake Stock Soars on Wall Street Beat,2024-11-21 18:44:35,snow,Snowflake,0.43634078,Positive
Snowflake Shares Soar by Most in Four Years After Strong Outlook,2024-11-21 18:44:35,snow,Snowflake,0.581086,Positive
"Snowflake Q3 Earnings Beat Estimates, Revenues Rise Y/Y, Stock Up",2024-11-21 18:44:35,snow,Snowflake,0.81230885,Positive
Snowflake Stock Explodes Over 30% on AI Growth and Game-Changing Partnership,2024-11-21 18:44:35,snow,Snowflake,-0.19138014,Negative
Q3 2025 Snowflake Inc Earnings Call,2024-11-21 18:44:35,snow,Snowflake,0.02299274,Neutral
"Snowflake shares surge on rosy forecast, AI deal with Anthropic",2024-11-21 18:44:35,snow,Snowflake,0.79731697,Positive
"Snowflake stock skyrockets by 25% on Q3 beat, guidance raise",2024-11-21 18:44:35,snow,Snowflake,0.8672648,Positive
"Snowflake Stock Surges as Revenue, Adjusted Profits Surpass Estimates",2024-11-21 18:44:35,snow,Snowflake,0.4758068,Positive
"Snowflake Delivers Q3 Earnings, Revenue Beat. 'Turning Point' In Snowflake Story?",2024-11-21 18:44:35,snow,Snowflake,0.5395144,Positive
Snowflake Stock Soars After Earnings Crush Expectations,2024-11-21 18:44:35,snow,Snowflake,0.56555414,Positive
"Snowflake jumps 20% after lifting product revenue outlook, Q3 beat",2024-11-21 18:44:35,snow,Snowflake,0.7879062,Positive
Snowflake Inc (SNOW) Q3 2025 Earnings Call Highlights: Strong Revenue Growth and Strategic AI ...,2024-11-21 18:44:35,snow,Snowflake,0.7841478,Positive
Snowflake (SNOW) Q3 2025 Earnings Call Transcript,2024-11-21 18:44:35,snow,Snowflake,-0.016056318,Neutral
"Snowflake Price Levels to Watch as Stock Pops 20% on Strong Earnings, Outlook",2024-11-21 18:44:35,snow,Snowflake,0.3253415,Positive
Snowflake (SNOW) Q3 Earnings: How Key Metrics Compare to Wall Street Estimates,2024-11-20 18:44:35,snow,Snowflake,0.0042209886,Neutral
Snowflake Inc. (SNOW) Expands Microsoft Partnership to Enhance AI Application Development with New Power Platform Connector,2024-11-20 18:44:35,snow,Snowflake,0.6648589,Positive
Snowflake Inc. (SNOW) Tops Q3 Earnings and Revenue Estimates,2024-11-20 18:44:35,snow,Snowflake,0.25024566,Positive
Snowflake's Sales Soar Despite Wider Loss,2024-11-20 18:44:35,snow,Snowflake,0.23491986,Positive
Snowflake shares pop on revenue beat and strong sales outlook,2024-11-20 18:44:35,snow,Snowflake,0.8479634,Positive
"Snowflake (NYSE:SNOW) Surprises With Q3 Sales, Stock Jumps 13.3%",2024-11-20 18:44:35,snow,Snowflake,0.7442672,Positive
"Snowflake lifts product revenue forecast, enters AI deal with Anthropic",2024-11-20 18:44:35,snow,Snowflake,0.34433147,Positive
Snowflake and Anthropic Team Up to Bring Claude Models Directly to the AI Data Cloud,2024-11-20 18:44:35,snow,Snowflake,0.12286658,Positive
"Snowflake Agrees to Acquire Open Data Integration Platform, Datavolo",2024-11-20 18:44:35,snow,Snowflake,0.18785481,Positive
Snowflake Reports Financial Results for the Third Quarter of Fiscal 2025,2024-11-20 18:44:35,snow,Snowflake,-0.01881903,Neutral
Snowflake Inc. (SNOW) Faces Investor Caution: Analyst Maintains Overweight Rating,2024-11-20 18:44:35,snow,Snowflake,-0.46467513,Negative
Snowflake Earnings Due. Is Snowflake Stock A Buy Or Sell?,2024-11-20 18:44:35,snow,Snowflake,-0.12619916,Negative
Snowflake Inc. (SNOW) Enhances Cross-Cloud Collaboration to Accelerate AI App Development and Data Sharing,2024-11-20 18:44:35,snow,Snowflake,0.73303527,Positive
Snowflake Inc. (SNOW): Citi Lowers Price Target to $183 but Highlights Strong Q3 Outlook and GenAI Growth Potential,2024-11-20 18:44:35,snow,Snowflake,0.55287814,Positive
Snowflake and Microsoft Simplify AI App Development and Data Collaboration with Connector for Microsoft Power Platform and Microsoft Dynamics 365,2024-11-19 18:44:35,snow,Snowflake,0.6290098,Positive
Snowflake Inc (SNOW)’s AI Edge: Why Analysts Are Betting on Future Growth,2024-11-19 18:44:35,snow,Snowflake,0.12713031,Positive
Snowflake (SNOW) Reports Earnings Tomorrow: What To Expect,2024-11-19 18:44:35,snow,Snowflake,0.0018709525,Neutral
Could Snowflake Inc. (SNOW) Grow 10x Over the Next 3 Years?,2024-11-18 18:44:35,snow,Snowflake,0.363426,Positive
"Snowflake Set to Report Q3 Earnings: Buy, Hold or Sell SNOW Stock?",2024-11-18 18:44:35,snow,Snowflake,-0.012277706,Neutral
Wall Street Bulls Look Optimistic About Snowflake (SNOW): Should You Buy?,2024-11-18 18:44:35,snow,Snowflake,0.4782196,Positive
Is Snowflake Inc. (SNOW) the Best Predictive Analytics Stock to Invest in Now?,2024-11-18 18:44:35,snow,Snowflake,0.24075614,Positive
"TD Cowen Raises Palo Alto Networks, Inc. (PANW) Price Target to $420, Citing Strong ARR Growth and AI-Driven Innovations",2024-11-21 18:04:12,panw,Palo Alto Networks,0.681384,Positive
Palo Alto Networks Stock Gets RS Rating Upgrade,2024-11-21 18:04:12,panw,Palo Alto Networks,0.7137134,Positive
"Palo Alto Networks Tops Estimates, Announces Stock Split",2024-11-21 18:04:12,panw,Palo Alto Networks,0.15914328,Positive
"Palo Alto Drops 3% Despite Strong Q1, Analysts See Long-Term Upside",2024-11-21 18:04:12,panw,Palo Alto Networks,-0.03463748,Neutral
"Palo Alto Networks beats Q1 estimates, while guidance disappoints",2024-11-21 18:04:12,panw,Palo Alto Networks,-0.42435873,Negative
Palo Alto Q1 Earnings Beat: Can Strong Guidance Lift the Stock?,2024-11-21 18:04:12,panw,Palo Alto Networks,0.5907731,Positive
Q1 2025 Palo Alto Networks Inc Earnings Call,2024-11-21 18:04:12,panw,Palo Alto Networks,0.039175108,Neutral
Wells Fargo lifts target price on Palo Alto even as stock dip post results,2024-11-21 18:04:12,panw,Palo Alto Networks,0.15739049,Positive
"The Zacks Analyst Blog Highlights Target, TJX, NVIDIA, Palo Alto Networks and Snowflake",2024-11-21 18:04:12,panw,Palo Alto Networks,0.22140227,Positive
Palo Alto Stock Is Falling After Earnings Beat. Why This Metric’s Worrying Analysts.,2024-11-21 18:04:12,panw,Palo Alto Networks,-0.84376836,Negative
Palo Alto Networks Fiscal Q1 Results Fuel Debate Over 'Platformization',2024-11-21 18:04:12,panw,Palo Alto Networks,-0.40741065,Negative
"Palo Alto Networks beats Q1 estimates, delivers in-line guidance; shares down",2024-11-21 18:04:12,panw,Palo Alto Networks,0.3697435,Positive
Palo Alto Networks boasts as customers coalesce on its platforms,2024-11-21 18:04:12,panw,Palo Alto Networks,0.7915718,Positive
Palo Alto Networks Inc (PANW) Q1 2025 Earnings Call Highlights: Strong Revenue Growth and ...,2024-11-21 18:04:12,panw,Palo Alto Networks,0.72871655,Positive
Palo Alto Networks (PANW) Q1 2025 Earnings Call Transcript,2024-11-21 18:04:12,panw,Palo Alto Networks,0.027725892,Neutral
Palo Alto Networks Full-Year Guidance Disappoints; Shares Slip,2024-11-20 18:04:12,panw,Palo Alto Networks,-0.83726496,Negative
"NVIDIA Beats, After-Hours Yawns; PANW and SNOW Report, Too",2024-11-20 18:04:12,panw,Palo Alto Networks,-0.09249757,Negative
Palo Alto tops revenue and profit estimates on steady cybersecurity demand,2024-11-20 18:04:12,panw,Palo Alto Networks,0.704503,Positive
Palo Alto (PANW) Q1 Earnings: How Key Metrics Compare to Wall Street Estimates,2024-11-20 18:04:12,panw,Palo Alto Networks,0.072902836,Positive
Palo Alto Networks' Q1 results were 'solid': Analyst,2024-11-20 18:04:12,panw,Palo Alto Networks,0.87739515,Positive
Palo Alto Networks (PANW) Q1 Earnings and Revenues Top Estimates,2024-11-20 18:04:12,panw,Palo Alto Networks,0.27464136,Positive
"Wedbush Reiterates Buy Rating on Palo Alto Networks, Inc. (PANW) with $400 Target Ahead of Q1 Earnings and AI-Driven Growth Prospects",2024-11-20 18:04:12,panw,Palo Alto Networks,0.5670849,Positive
Palo Alto: Fiscal Q1 Earnings Snapshot,2024-11-20 18:04:12,panw,Palo Alto Networks,0.0245696,Neutral
Palo Alto Networks (NASDAQ:PANW) Surprises With Q3 Sales,2024-11-20 18:04:12,panw,Palo Alto Networks,0.85039896,Positive
Palo Alto Networks Reports Fiscal First Quarter 2025 Financial Results,2024-11-20 18:04:12,panw,Palo Alto Networks,0.053777352,Positive
"Jim Cramer on Palo Alto Networks, Inc. (PANW): ‘The Stock Has Sometimes Sold Off Badly When It Reports, Could Be An Opportunity’",2024-11-20 18:04:12,panw,Palo Alto Networks,-0.3246329,Negative
Palo Alto Networks price target raised to $450 from $400 at Jefferies,2024-11-20 18:04:12,panw,Palo Alto Networks,0.22975528,Positive
"Palo Alto Networks, Inc. (PANW): Truist Raises Price Target to $425 on Strong Demand and Generative AI Potential",2024-11-20 18:04:12,panw,Palo Alto Networks,0.63527346,Positive
"The Zacks Analyst Blog Highlights Palo Alto, Technology Select Sector SPDR Fund, Juniper Networks and Check Point Software",2024-11-19 18:04:12,panw,Palo Alto Networks,0.18687956,Positive
Palo Alto Networks customers grapple with another actively exploited zero-day,2024-11-19 18:04:12,panw,Palo Alto Networks,-0.20122246,Negative
Palo Alto Networks (PANW): AI-Powered Cybersecurity Driving Strong Growth,2024-11-19 18:04:12,panw,Palo Alto Networks,0.7757235,Positive
Earnings To Watch: Palo Alto Networks (PANW) Reports Q3 Results Tomorrow,2024-11-19 18:04:12,panw,Palo Alto Networks,0.0668043,Positive
Should Palo Alto Stock be Part of Your Portfolio Ahead of Q1 Earnings?,2024-11-18 18:04:12,panw,Palo Alto Networks,0.01300755,Neutral
"Nvidia debuts AI model that can create music, mimic speech",Unknown,,,0.20196426,Positive
Should You Forget Nvidia and Buy These 2 Millionaire-Maker Stocks Instead?,Unknown,,,-0.11202609,Negative
Where Will Nvidia Stock Be in 3 Years?,Unknown,,,0.0065993033,Neutral
Why Nvidia Stock (NVDA) Declined Today,Unknown,,,-0.5003996,Negative
NVIDIA Corporation (NVDA): Volatility Amid Strong AI Demand and Growth Opportunities,Unknown,,,0.38216892,Positive
"NVIDIA Earnings, OpenAI, SpaceX & More",Unknown,,,0.5153301,Positive
Nvidia Stock Drops. Why Shares Are Still Down Following Last Week’s Earnings Report.,Unknown,,,-0.72582763,Negative
"Analyst Recommends Selling Nvidia Stock (NVDA) Amid Growth, Super Micro (SMCI) Concerns: ‘You Don’t Stay On Top Forever’",Unknown,,,-0.023806408,Neutral
Cracks Emerge In Nvidia's AI Armor. What's An Investor To Do?,Unknown,,,0.026877455,Neutral
Magnificent Seven Stocks: Nvidia Stock Sells Off; Tesla Reverses Lower,Unknown,,,0.34773132,Positive
Is NVIDIA Corporation (NVDA) the Best Stock to Invest in for the Next 3 Months?,Unknown,,,0.40743333,Positive
"Nvidia shares decline 3.5%, hit 3-week low as rotation into cyclicals continue",Unknown,,,-0.66351694,Negative
The 5 biggest takeaways following Nvidia's earnings,Unknown,,,0.19133294,Positive
3 Reasons Growth Investors Will Love Nvidia (NVDA),Unknown,,,0.88454115,Positive
Top Midday Stories: Macy's Says Ex-Employee Hid Up to $154 Million in Expenses; Summit to Be Acquired by Quikrete for $11.5 Billion; Nvidia Unveils AI Model,Unknown,,,0.12771817,Positive
This Analyst With 85% Accuracy Rate Sees Over 30% Upside In Nvidia - Here Are 5 Stock Picks For Last Week From Wall Street's Most Accurate Analysts,Unknown,,,0.72810125,Positive
Nvidia's New Fugatto Tool: The AI Revolution Soundtrack We Didn't See Coming,Unknown,,,-0.099017546,Negative
"Nvidia Unveils Fugatto: AI Tool That Transforms Sound Creation For Music, Ads, And Gaming",Unknown,,,0.21262544,Positive
Nvidia Unveils AI Model for Music and Audio Generation,Unknown,,,0.18203714,Positive
Nvidia CEO Highlights Continued Global Cooperation Amid U.S. Policy Shifts,Unknown,,,0.42907614,Positive
"Nvidia's Growth May Be Cooling, but Here's Why I'm Still Buying",Unknown,,,0.79090893,Positive
NVIDIA Corporation (NVDA) Powers CoreWeave’s $3 Billion IPO Bid,Unknown,,,0.29189605,Positive
Nvidia's Strong Earnings to Benefit TSMC as AI Demand Continues to Soar,Unknown,,,0.67880434,Positive
Investors Ponder Nvidia Game Plan After 3.2% Fall; Is Nvidia A Buy Or Sell Now?,Unknown,,,-0.06347267,Negative
Better Artificial Intelligence Stock: Broadcom vs. Nvidia,Unknown,,,0.5743658,Positive
Here's Why Nvidia (NVDA) is a Strong Growth Stock,Unknown,,,0.8710216,Positive
Billionaire Ray Dalio Sold Nvidia Stock. Should You Follow?,Unknown,,,-0.0047332086,Neutral
Understanding Nvidia (NVDA) Reliance on International Revenue,Unknown,,,0.10836208,Positive
"Nvidia shows AI model that can modify voices, generate novel sounds",Unknown,,,0.31587532,Positive
Investors Heavily Search NVIDIA Corporation (NVDA): Here is What You Need to Know,Unknown,,,0.07503721,Positive
"Dow Jones Futures Rise: Stay Cool In Hot Market; Forget Nvidia, Meet The New AI Chip Leader",Unknown,,,0.69379807,Positive
"BofA maintains a ""Buy"" on Nvidia, setting a $190 target Amid Growing AI Dominance",Unknown,,,0.3381704,Positive
NVIDIA Hits Highs as Analysts Forecast Continued Growth: Citigroup Lifts Target to $175,Unknown,,,0.60104483,Positive
NVIDIA Corporation (NVDA) Surpasses Q3 Expectations with $175 Price Target Upgrade from Wedbush,Unknown,,,0.82288975,Positive
Symbotic Inc. (SYM): The AI Stock Investors Are Watching Closely,2024-11-20 18:45:33,sym,Symantec,0.17808841,Positive
Wall Street Analysts Think SYMBOTIC INC (SYM) Is a Good Investment: Is It?,2024-11-20 18:45:33,sym,Symantec,0.6663953,Positive
Symbotic price target raised to $48 from $40 at KeyBanc,2024-11-20 18:45:33,sym,Symantec,0.124837406,Positive
Why Symbotic earnings are sending the stock soaring over 25%,2024-11-19 18:45:33,sym,Symantec,0.54901564,Positive
"Symbotic Inc. (SYM): AI-Powered Warehouse Automation Drives Q4 Revenue Surge, Beats Estimates",2024-11-19 18:45:33,sym,Symantec,0.7030103,Positive
Symbotic Stock Rises 27%. Here’s Why the AI-Robot Company Is Surging.,2024-11-19 18:45:33,sym,Symantec,0.8845915,Positive
Q4 2024 Symbotic Inc Earnings Call,2024-11-19 18:45:33,sym,Symantec,0.017995507,Neutral
Symbotic's Shares Soar 28.5% on Explosive AI Growth and Game-Changing Q4 Results,2024-11-19 18:45:33,sym,Symantec,0.7887891,Positive
Symbotic Inc (SYM) Q4 2024 Earnings Call Highlights: Record Revenue and Strategic Expansion,2024-11-19 18:45:33,sym,Symantec,0.74529535,Positive
Symbotic Inc. (SYM) Tops Q4 Earnings and Revenue Estimates,2024-11-18 18:45:33,sym,Symantec,0.3628158,Positive
Symbotic Reports Fourth Quarter and Fiscal Year 2024 Results,2024-11-18 18:45:33,sym,Symantec,0.0036874153,Neutral
Q3 Earnings Buzz: Target Stock Falls Nvidia Shares Flat,2024-11-21 18:46:24,tgt,Target,-0.11552875,Negative
Target's earnings miss isn't about the U.S. port strike. Here's what happened,2024-11-21 18:46:24,tgt,Target,-0.5052593,Negative
Why America's Favorite Department Store Could Be Your Favorite Dividend King Stock (TGT),2024-11-21 18:46:24,tgt,Target,0.6697093,Positive
"Walmart wins, Target misses in mixed retail earnings report",2024-11-21 18:46:24,tgt,Target,-0.015798002,Neutral
Zacks Earnings Trends Highlights: Target and Walmart,2024-11-21 18:46:24,tgt,Target,0.09460215,Positive
"Trending tickers: Nvidia, Adani, Target, Baidu and JD Sports",2024-11-21 18:46:24,tgt,Target,0.08434459,Positive
Target Corp (TGT) Q3 2024 Earnings Call Highlights: Navigating Growth Amidst Consumer Caution,2024-11-21 18:46:24,tgt,Target,-0.11317468,Negative
Q3 2024 Target Corp Earnings Call,2024-11-21 18:46:24,tgt,Target,0.019221967,Neutral
Target’s in Trouble. How it Could Turn Business Around.,2024-11-21 18:46:24,tgt,Target,-0.4256153,Negative
Target’s Wipeout Shows Why Walmart Stock Isn’t Too Expensive,2024-11-21 18:46:24,tgt,Target,0.28163445,Positive
Walmart shoppers are showing Target how it's done,2024-11-21 18:46:24,tgt,Target,0.40099436,Positive
Target flags startling customer behavior ahead of holidays,2024-11-21 18:46:24,tgt,Target,-0.43381873,Negative
Walmart & Target: A Closer Look at Retail Earnings,2024-11-20 18:46:24,tgt,Target,0.12197623,Positive
Target Shares Tumble on Earnings Miss,2024-11-20 18:46:24,tgt,Target,-0.7754369,Negative
"'It's a Target problem,' look at Walmart's results: Analyst",2024-11-20 18:46:24,tgt,Target,-0.2384018,Negative
Target Sinks To New Low On Holiday Gloom After Huge Earnings Miss,2024-11-20 18:46:24,tgt,Target,-0.7986069,Negative
"Target’s Slow Rebound Frustrates Investors, Sends Shares Falling",2024-11-20 18:46:24,tgt,Target,-0.7212579,Negative
Why Target (TGT) Shares Are Getting Obliterated Today,2024-11-20 18:46:24,tgt,Target,-0.5038728,Negative
Why Target (TGT) Stock Is Trading Lower Today,2024-11-20 18:46:24,tgt,Target,-0.54879695,Negative
Target downgrades fourth-quarter sales expectation following sluggish Q3,2024-11-20 18:46:24,tgt,Target,-0.53493446,Negative
A Tale of Two Supply Chains: What Separated Walmart and Target in Q3,2024-11-20 18:46:24,tgt,Target,-0.014567751,Neutral
Why Target Stock Is Getting Crushed Today,2024-11-20 18:46:24,tgt,Target,-0.7803975,Negative
Target Margins And Inventory Issues Raise Analyst Caution After Weak Q3 Performance,2024-11-20 18:46:24,tgt,Target,-0.6665004,Negative
"Target Shoppers Are Waiting to Buy, Questing for Deals, and Stocking Up",2024-11-20 18:46:24,tgt,Target,-0.08956313,Negative
Why Walmart's Stock Hit an All-Time High but Target's Slumped on Q3 Earnings,2024-11-20 18:46:24,tgt,Target,-0.15315112,Negative
Target (TGT) Q3 2024 Earnings Call Transcript,2024-11-20 18:46:24,tgt,Target,0.005061742,Neutral
Target just had its biggest earnings miss in years — and the stock plummets 21% to a 1-year-low,2024-11-20 18:46:24,tgt,Target,-0.88329804,Negative
Target Stock Is Having Its Worst Day in Years. Why Its Earnings Shocked Wall Street.,2024-11-20 18:46:24,tgt,Target,-0.921637,Negative
"Target Misses Q3 Estimates, Faces Challenges with Lower Q4 Projections",2024-11-20 18:46:24,tgt,Target,-0.5689664,Negative
"Target stock hit with downgrades, analysts point to market share erosion",2024-11-20 18:46:24,tgt,Target,-0.6711405,Negative
Target Shares Plummet 20% After Q3 Earnings Miss Expectations,2024-11-20 18:46:24,tgt,Target,-0.30976564,Negative
What does Target's earnings miss signal for other retailers?,2024-11-20 18:46:24,tgt,Target,-0.22803749,Negative
"Stocks to Watch Wednesday: Nvidia, Target, NIO",2024-11-20 18:46:24,tgt,Target,0.054954134,Positive
Walmart and Target: A Tale of Two Retailers,2024-11-20 18:46:24,tgt,Target,0.067386635,Positive
"Target Misses Q3 Earnings & Sales Estimates, Issues Cautious Q4 View",2024-11-20 18:46:24,tgt,Target,-0.5540221,Negative
"Pre-markets Heading Lower; TGT, TJX Report Q3; NVDA After the Close",2024-11-20 18:46:24,tgt,Target,-0.08627246,Negative
Why Target (TGT) is a Top Momentum Stock for the Long-Term,2024-11-20 18:46:24,tgt,Target,0.7682474,Positive
A Tale of Two Retail Giants: Target vs. Walmart,2024-11-20 18:46:24,tgt,Target,-0.0027267933,Neutral
Target sounds the alarm bell on holiday shopping,2024-11-20 18:46:24,tgt,Target,-0.10156306,Negative
"Target stock sinking on Q3 earnings, sales miss: What to know",2024-11-20 18:46:24,tgt,Target,-0.7325958,Negative
Target Stock Heads Toward Worst Day in Two Years,2024-11-20 18:46:24,tgt,Target,-0.8379394,Negative
"Nvidia earnings, Target stock hit, Comcast spinoff: 3 Things",2024-11-20 18:46:24,tgt,Target,0.2751419,Positive
Target stock is falling: Price slashing may not be enough to improve 2024 holiday sales,2024-11-20 18:46:24,tgt,Target,-0.7200237,Negative
Target stock crashing on earnings: 3 problems the retailer faces,2024-11-20 18:46:24,tgt,Target,-0.85130477,Negative
"Target Q3 Earnings: Supply Chain Chaos Hits Bottomline, Slashes Annual Profit Outlook, Stock Tanks",2024-11-20 18:46:24,tgt,Target,-0.6718129,Negative
"Target misses Q3 earnings expectations, lowers guidance",2024-11-20 18:46:24,tgt,Target,-0.48499405,Negative
Jim Cramer on Target Corporation (TGT): ‘People Are So Worried About Tariffs That You Might Want To Wait And See With This One’,2024-11-20 18:46:24,tgt,Target,-0.25951067,Negative
Target Stock Slumps To Lowest Point in Year on Weaker-Than-Expected Results,2024-11-20 18:46:24,tgt,Target,-0.77266246,Negative
Target Stock Loses $15.8B in Market Cap as Weak Discretionary Sales Hit Q3 Profits,2024-11-20 18:46:24,tgt,Target,-0.73574716,Negative
"Target (NYSE:TGT) Misses Q3 Revenue Estimates, Stock Drops 21.2%",2024-11-20 18:46:24,tgt,Target,-0.69116455,Negative
Target: Fiscal Q3 Earnings Snapshot,2024-11-20 18:46:24,tgt,Target,0.027527107,Neutral
Target shares slide 21% as retailer expects stagnant holiday quarter sales,2024-11-20 18:46:24,tgt,Target,-0.71874785,Negative
Target CEO 'guiding for some conservatism' as the retailer misses earnings estimates ahead of the holidays,2024-11-20 18:46:24,tgt,Target,-0.5298619,Negative
Target Corporation Reports Third Quarter Earnings,2024-11-20 18:46:24,tgt,Target,0.04036268,Neutral
Target earnings are today. Here's what to watch,2024-11-20 18:46:24,tgt,Target,0.18378887,Positive
"Buy, Hold or Sell Target Stock: Key Tips Ahead of Q3 Earnings",2024-11-19 18:46:24,tgt,Target,0.037294444,Neutral
How To Earn $500 A Month From Target Stock Ahead Of Q3 Earnings,2024-11-19 18:46:24,tgt,Target,0.14267455,Positive
What Analysts Think of Target Stock Ahead of Earnings,2024-11-19 18:46:24,tgt,Target,0.008690078,Neutral
"Target Corporation to Webcast 3rd Quarter Earnings Conference Call on Wednesday, November 20, 2024",2024-11-19 18:46:24,tgt,Target,0.061144598,Positive
"The Zacks Analyst Blog Highlights Amazon.com, Abercrombie & Fitch, Target and Carvana",2024-11-19 18:46:24,tgt,Target,0.28404903,Positive
Target’s supply chain investments power holiday season ambitions,2024-11-19 18:46:24,tgt,Target,0.17932111,Positive
Target (TGT) Q3 Earnings: What To Expect,2024-11-19 18:46:24,tgt,Target,0.06967494,Positive
Time to Buy Walmart or Target Stock as Q3 Earnings Approach?,2024-11-18 18:46:24,tgt,Target,0.049597032,Neutral
Here's Why Target (TGT) is a Strong Growth Stock,2024-11-18 18:46:24,tgt,Target,0.851226,Positive
"Earnings in Focus: How Lowe’s, Target, and Nvidia Navigated Q3 Challenges",2024-11-18 18:46:24,tgt,Target,0.16497223,Positive
"Walmart, Target, Amazon and Lowe's are part of Zacks Earnings Preview",2024-11-18 18:46:24,tgt,Target,0.46497285,Positive
"1 Stock to Buy, 1 Stock to Sell This Week: Nvidia, Target",2024-11-17 18:46:24,tgt,Target,-0.017878085,Neutral
Is Target Corporation (TGT) the Best Department Store Stock to Buy According to Hedge Funds?,2024-11-17 18:46:24,tgt,Target,0.1729974,Positive
"Walmart wins, Target misses in mixed retail earnings report",2024-11-21 18:47:36,wmt,Walmart,-0.015798002,Neutral
Walmart makes convenience a priority as it grows e-commerce market share,2024-11-21 18:47:36,wmt,Walmart,0.853936,Positive
"Walmart, Target, and Aldi's Thanksgiving deals",2024-11-21 18:47:36,wmt,Walmart,0.6703809,Positive
"Walmart Appears Poised to Weather Trump Tariffs Better Than Competitors, Analysts Say",2024-11-21 18:47:36,wmt,Walmart,0.32431394,Positive
Zacks Earnings Trends Highlights: Target and Walmart,2024-11-21 18:47:36,wmt,Walmart,0.09460215,Positive
Walmart price target raised to $100 from $90 at Baird,2024-11-21 18:47:36,wmt,Walmart,0.18890746,Positive
Target’s Wipeout Shows Why Walmart Stock Isn’t Too Expensive,2024-11-21 18:47:36,wmt,Walmart,0.28163445,Positive
Walmart shoppers are showing Target how it's done,2024-11-21 18:47:36,wmt,Walmart,0.40099436,Positive
Walmart & Target: A Closer Look at Retail Earnings,2024-11-20 18:47:36,wmt,Walmart,0.12197623,Positive
"'It's a Target problem,' look at Walmart's results: Analyst",2024-11-20 18:47:36,wmt,Walmart,-0.2384018,Negative
"Amazon, Walmart and Costco Are Running Away With 46 Percent of Retail Growth",2024-11-20 18:47:36,wmt,Walmart,-0.04136336,Neutral
A Tale of Two Supply Chains: What Separated Walmart and Target in Q3,2024-11-20 18:47:36,wmt,Walmart,-0.014567751,Neutral
Why Walmart's Stock Hit an All-Time High but Target's Slumped on Q3 Earnings,2024-11-20 18:47:36,wmt,Walmart,-0.15315112,Negative
"Amazon, Walmart, and Target's top 10 Black Friday deals",2024-11-20 18:47:36,wmt,Walmart,0.84019226,Positive
Walmart Stock Price Levels to Watch After Post-Earnings Surge to Record High,2024-11-20 18:47:36,wmt,Walmart,0.13766244,Positive
"Walmart Beats on Q3 Earnings, Hikes Views: ETFs to Gain",2024-11-20 18:47:36,wmt,Walmart,0.7302075,Positive
Walmart and Target: A Tale of Two Retailers,2024-11-20 18:47:36,wmt,Walmart,0.067386635,Positive
Walmart slashes US delivery costs by 40% per order,2024-11-20 18:47:36,wmt,Walmart,0.40057135,Positive
A Tale of Two Retail Giants: Target vs. Walmart,2024-11-20 18:47:36,wmt,Walmart,-0.0027267933,Neutral
"Uncertainty clouds holiday shopping season after mixed forecasts from Walmart, Target",2024-11-20 18:47:36,wmt,Walmart,-0.49919036,Negative
"Walmart CFO keeps eye on prices, tariffs",2024-11-20 18:47:36,wmt,Walmart,-0.06466682,Negative
Jim Cramer on Walmart Inc. (WMT): ‘You Only Have My Blessing To Put A Small Position On It’,2024-11-20 18:47:36,wmt,Walmart,0.47974378,Positive
"Walmart’s automation boom means lower delivery costs and better careers, says CFO",2024-11-20 18:47:36,wmt,Walmart,0.8288163,Positive
"Trending tickers: Nvidia, Nokia, Walmart, Volkswagen and British Land",2024-11-20 18:47:36,wmt,Walmart,0.17782426,Positive
Will KEYS Stock Aid From the Launch of Trade Monitoring Solution?,2024-11-21 18:23:03,keys,Keysight Technologies,0.015027801,Neutral
Keysight to Participate in Upcoming Investor Conferences,2024-11-21 18:23:03,keys,Keysight Technologies,0.070680365,Positive
Keysight Technologies price target raised to $200 from $180 at Barclays,2024-11-21 18:23:03,keys,Keysight Technologies,0.32201806,Positive
Keysight Technologies price target raised to $180 from $175 at Deutsche Bank,2024-11-21 18:23:03,keys,Keysight Technologies,0.2723763,Positive
"These Stocks Moved the Most Today: Nvidia, Target, Super Micro, Williams-Sonoma, Keysight, Fabrinet, Ford, and More",2024-11-20 18:23:03,keys,Keysight Technologies,0.9423093,Positive
Why Is Keysight (KEYS) Stock Rocketing Higher Today,2024-11-20 18:23:03,keys,Keysight Technologies,0.57252294,Positive
Keysight Technologies Soars to 52-Week High on Strong Earnings and 2025 Guidance,2024-11-20 18:23:03,keys,Keysight Technologies,0.8791136,Positive
Keysight and Instrumentix Partner to Launch Complete Trade Monitoring Solution for Financial Markets,2024-11-20 18:23:03,keys,Keysight Technologies,0.09893113,Positive
"KEYS Q4 Earnings Top Estimate, Top Line Down on Weakness in Automotive",2024-11-20 18:23:03,keys,Keysight Technologies,-0.095983885,Negative
Q4 2024 Keysight Technologies Inc Earnings Call,2024-11-20 18:23:03,keys,Keysight Technologies,0.029466683,Neutral
Keysight Stock Rises Sharply. Here’s Why.,2024-11-20 18:23:03,keys,Keysight Technologies,0.5223509,Positive
Keysight Issues Upbeat Outlook as Fiscal Fourth-Quarter Results Top Estimates,2024-11-20 18:23:03,keys,Keysight Technologies,0.10187797,Positive
Keysight Technologies Inc (KEYS) Q4 2024 Earnings Call Highlights: Navigating Challenges with ...,2024-11-20 18:23:03,keys,Keysight Technologies,0.0339812,Neutral
"Keysight Technologies, Inc. (KEYS): Unveils AI-Enhanced EDA Software Portfolio to Revolutionize Next-Gen Technology Design",2024-11-20 18:23:03,keys,Keysight Technologies,0.42202812,Positive
Keysight (KEYS) Reports Q4 Earnings: What Key Metrics Have to Say,2024-11-19 18:23:03,keys,Keysight Technologies,0.016730756,Neutral
Keysight (KEYS) Q4 Earnings and Revenues Beat Estimates,2024-11-19 18:23:03,keys,Keysight Technologies,0.47798443,Positive
Keysight: Fiscal Q4 Earnings Snapshot,2024-11-19 18:23:03,keys,Keysight Technologies,-0.0031739473,Neutral
"Keysight (NYSE:KEYS) Posts Better-Than-Expected Sales In Q3, Stock Jumps 10.2%",2024-11-19 18:23:03,keys,Keysight Technologies,0.7427738,Positive
Keysight Technologies Reports Fourth Quarter and Fiscal Year 2024 Results,2024-11-19 18:23:03,keys,Keysight Technologies,0.032191165,Neutral
Spectra7 and Keysight to Demonstrate Robust Performance Testing of 800Gbps Active Copper Interconnects at SC24,2024-11-19 18:23:03,keys,Keysight Technologies,0.27387506,Positive
Keysight Introduces Electronic Design Automation Software Suite Amplifying Designer Productivity with AI,2024-11-18 18:23:03,keys,Keysight Technologies,0.39652878,Positive
KEYS' Solutions to Support Microelectronics Commons Initiative,2024-11-18 18:23:03,keys,Keysight Technologies,0.16141772,Positive
What To Expect From Keysight’s (KEYS) Q3 Earnings,2024-11-18 18:23:03,keys,Keysight Technologies,0.09719652,Positive
The total return for Keysight Technologies (NYSE:KEYS) investors has risen faster than earnings growth over the last five years,2024-11-17 18:23:03,keys,Keysight Technologies,0.76859176,Positive
Intuit (INTU) Reports Q1 Earnings: What Key Metrics Have to Say,2024-11-21 18:21:57,intu,Intuit,0.014068481,Neutral
"Intuit Stock Falls on Weaker Guidance, but CEO Downplays Fears of Free U.S. Tax App",2024-11-21 18:21:57,intu,Intuit,-0.60275775,Negative
"Intuit Beats Fiscal Q1 Targets Buts Guides Low For Current Quarter, Full Year",2024-11-21 18:21:57,intu,Intuit,-0.119913556,Negative
Intuit (INTU) Beats Q1 Earnings and Revenue Estimates,2024-11-21 18:21:57,intu,Intuit,0.62411803,Positive
Intuit Maintains Full Year Guidance; CEO Says Trump Administration Won’t Build Tax-Filing App,2024-11-21 18:21:57,intu,Intuit,-0.29274318,Negative
Intuit's Stock Drops as Its Outlook Disappoints,2024-11-21 18:21:57,intu,Intuit,-0.8601468,Negative
"Intuit Beats First-Quarter Sales Views on QuickBooks, Credit Karma Gains",2024-11-21 18:21:57,intu,Intuit,0.5706967,Positive
Intuit’s (NASDAQ:INTU) Q3: Beats On Revenue But Stock Drops,2024-11-21 18:21:57,intu,Intuit,-0.30521953,Negative
Intuit: Fiscal Q1 Earnings Snapshot,2024-11-21 18:21:57,intu,Intuit,0.0030541979,Neutral
Intuit Falls After Giving Tepid Outlook Despite New AI Tools,2024-11-21 18:21:57,intu,Intuit,-0.43560597,Negative
Intuit's quarterly forecasts disappoint as delayed promotions weigh on growth,2024-11-21 18:21:57,intu,Intuit,-0.76678115,Negative
Intuit Reports Strong First Quarter Results and Reiterates Full Year Guidance,2024-11-21 18:21:57,intu,Intuit,0.924958,Positive
How To Earn $500 A Month From Intuit Stock Ahead Of Q1 Earnings,2024-11-21 18:21:57,intu,Intuit,0.16692556,Positive
Should You Be Adding Intuit (NASDAQ:INTU) To Your Watchlist Today?,2024-11-21 18:21:57,intu,Intuit,0.030036421,Neutral
INTU Earnings: Buy this Big Tech Stock Before It Breaks Out to New Highs?,2024-11-20 18:21:57,intu,Intuit,0.1348189,Positive
"Intuit Launches AI-Powered Intuit Assist for QuickBooks, Giving Millions of Businesses a Competitive Edge",2024-11-20 18:21:57,intu,Intuit,0.73717904,Positive
Jim Cramer on Intuit Inc. (INTU): ‘How Can I Pull The Trigger On A Stock That’s So Close To Its High Yet So Far From Where It Was Just A Month Ago?’,2024-11-20 18:21:57,intu,Intuit,-0.08368619,Negative
Intuit (INTU) To Report Earnings Tomorrow: Here Is What To Expect,2024-11-20 18:21:57,intu,Intuit,0.11554153,Positive
Intuit Stock Tumbles As Elon Musk's DOGE Commission Eyes Simple Tax-Filing App,2024-11-19 18:21:57,intu,Intuit,-0.52123755,Negative
"Trump's DOGE considers tax app. Intuit, H&R Block shares sink.",2024-11-19 18:21:57,intu,Intuit,-0.4501483,Negative
Intuit and H&R Block stocks tank because Elon Musk's DOGE wants to simplify tax filing,2024-11-19 18:21:57,intu,Intuit,-0.29578108,Negative
Intuit and H&R block fall on report of ‘DOGE’ interest in tax app,2024-11-19 18:21:57,intu,Intuit,-0.2799229,Negative
Musk's Bold Tax Revolution: Challenges For Intuit's TurboTax Empire,2024-11-19 18:21:57,intu,Intuit,-0.044656914,Neutral
Insights Into Intuit (INTU) Q1: Wall Street Projections for Key Metrics,2024-11-18 18:21:57,intu,Intuit,0.033659324,Neutral
Q4 2024 Powell Industries Inc Earnings Call,2024-11-21 18:33:26,powl,Powell Industries,0.017857533,Neutral
Powell Industries Inc (POWL) Q4 2024 Earnings Call Highlights: Record Revenue and Strategic ...,2024-11-21 18:33:26,powl,Powell Industries,0.60797125,Positive
Why Powell (POWL) Shares Are Trading Lower Today,2024-11-20 18:33:26,powl,Powell Industries,-0.58518344,Negative
Why Powell (POWL) Stock Is Falling Today,2024-11-20 18:33:26,powl,Powell Industries,-0.8180201,Negative
Powell Industries Faces Seasonally Slow Q1 Start After Mixed Q4; Stock Tanks,2024-11-20 18:33:26,powl,Powell Industries,-0.6232188,Negative
"Powell Industries' Q4 Earnings Surpass Estimates, Increase Y/Y",2024-11-20 18:33:26,powl,Powell Industries,0.6147401,Positive
"Zacks Industry Outlook Highlights Zurn Elkay, Eaton, Emerson Electric and Powell Industries",2024-11-20 18:33:26,powl,Powell Industries,0.08712859,Positive
Powell Industries (POWL) Beats Q4 Earnings Estimates,2024-11-19 18:33:26,powl,Powell Industries,0.76395607,Positive
Powell Industries: Fiscal Q4 Earnings Snapshot,2024-11-19 18:33:26,powl,Powell Industries,0.015899368,Neutral
"Powell (NASDAQ:POWL) Misses Q3 Revenue Estimates, Stock Drops",2024-11-19 18:33:26,powl,Powell Industries,-0.6948167,Negative
Powell Industries Announces Fourth Quarter and Full Year Fiscal 2024 Results,2024-11-19 18:33:26,powl,Powell Industries,0.02808411,Neutral
Earnings To Watch: Powell (POWL) Reports Q3 Results Tomorrow,2024-11-18 18:33:26,powl,Powell Industries,0.039325334,Neutral
"Macquarie downgrades NIO on weak guide, demand concerns",2024-11-21 18:24:10,nio,NIO,-0.6555969,Negative
"NIO Launches Third EV Brand, Firefly, Targeting Compact Market",2024-11-21 18:24:10,nio,NIO,0.19460674,Positive
"Should You Buy, Sell or Hold NIO Stock Post Mixed Q3 Results?",2024-11-21 18:24:10,nio,NIO,-0.09106558,Negative
"NIO Q3 Loss Wider Than Expected, Revenues Miss, Q4 View Solid",2024-11-21 18:24:10,nio,NIO,-0.44025406,Negative
Nio sees Q4 revenue RMB 19.68B-RMB 20.38B,2024-11-21 18:24:10,nio,NIO,0.096114896,Positive
Nio reports Q3 EPS (RMB 2.50) vs. (RMB 2.67) last year,2024-11-21 18:24:10,nio,NIO,0.012434091,Neutral
NIO Inc (NIO) Q3 2024 Earnings Call Highlights: Record Deliveries Amidst Revenue Challenges,2024-11-21 18:24:10,nio,NIO,0.42863083,Positive
Q3 2024 NIO Inc Earnings Call,2024-11-21 18:24:10,nio,NIO,0.019593492,Neutral
Nio (NIO) Q3 2024 Earnings Call Transcript,2024-11-20 18:24:10,nio,NIO,0.018802833,Neutral
"Stocks to Watch Wednesday: Nvidia, Target, NIO",2024-11-20 18:24:10,nio,NIO,0.054954134,Positive
"Trending tickers: Nvidia, Nokia, Walmart, Volkswagen and British Land",2024-11-20 18:24:10,nio,NIO,0.17782426,Positive
NIO’s Net Loss Widens on Lower Revenue Amid EV Pricing Pressure,2024-11-20 18:24:10,nio,NIO,-0.5428461,Negative
NIO Inc. Reports Unaudited Third Quarter 2024 Financial Results,2024-11-20 18:24:10,nio,NIO,-0.0013224073,Neutral
"Nvidia Q3 earnings, Fed commentary: What to Watch",2024-11-19 18:24:10,nio,NIO,0.082790665,Positive
Nio Faces Key Q3 Test as EV Deliveries Rise and Hybrid Plans Take Shape,2024-11-19 18:24:10,nio,NIO,0.066730805,Positive
What's Going On With NIO Stock Following Strong Q3 Results From Top Peer XPeng?,2024-11-19 18:24:10,nio,NIO,0.34398425,Positive
Billionaire Israel Englander Dumped 90% of Millennium's Stake in Palantir in Favor of This Hypergrowth Electric-Vehicle (EV) Stock,2024-11-19 18:24:10,nio,NIO,-0.08096953,Negative
Things to Note Ahead of NIO's Q3 Earnings: Is the Stock a Buy Now?,2024-11-18 18:24:10,nio,NIO,0.047552213,Neutral
Should You Buy Nio Stock While It's Below Its IPO Price?,2024-11-17 18:24:10,nio,NIO,-0.15400976,Negative
