Headline,Date,company_abbr,company_full_name
"These Stocks Moved the Most Today: Nvidia, Alphabet, Super Micro, Snowflake, Deere, MicroStrategy, PDD, and More",2024-11-21 18:44:35,snow,Snowflake
"MongoDB, Other Data Software Stocks Rally On Strong Snowflake Results",2024-11-21 18:44:35,snow,Snowflake
Why Are Snowflake (SNOW) Shares Soaring Today,2024-11-21 18:44:35,snow,Snowflake
Here's Why Snowflake Stock Skyrocketed Today,2024-11-21 18:44:35,snow,Snowflake
Snowflake Stock Has Best Day Ever After Earnings. It May Mark the End of  the Nvidia Powered Chip Trade.,2024-11-21 18:44:35,snow,Snowflake
Snowflake Stock Soars on Wall Street Beat,2024-11-21 18:44:35,snow,Snowflake
Snowflake Shares Soar by Most in Four Years After Strong Outlook,2024-11-21 18:44:35,snow,Snowflake
"Snowflake Q3 Earnings Beat Estimates, Revenues Rise Y/Y, Stock Up",2024-11-21 18:44:35,snow,Snowflake
Snowflake Stock Explodes Over 30% on AI Growth and Game-Changing Partnership,2024-11-21 18:44:35,snow,Snowflake
Q3 2025 Snowflake Inc Earnings Call,2024-11-21 18:44:35,snow,Snowflake
"Snowflake shares surge on rosy forecast, AI deal with Anthropic",2024-11-21 18:44:35,snow,Snowflake
"Snowflake stock skyrockets by 25% on Q3 beat, guidance raise",2024-11-21 18:44:35,snow,Snowflake
"Snowflake Stock Surges as Revenue, Adjusted Profits Surpass Estimates",2024-11-21 18:44:35,snow,Snowflake
"Snowflake Delivers Q3 Earnings, Revenue Beat. 'Turning Point' In Snowflake Story?",2024-11-21 18:44:35,snow,Snowflake
Snowflake Stock Soars After Earnings Crush Expectations,2024-11-21 18:44:35,snow,Snowflake
"Snowflake jumps 20% after lifting product revenue outlook, Q3 beat",2024-11-21 18:44:35,snow,Snowflake
Snowflake Inc (SNOW) Q3 2025 Earnings Call Highlights: Strong Revenue Growth and Strategic AI ...,2024-11-21 18:44:35,snow,Snowflake
Snowflake (SNOW) Q3 2025 Earnings Call Transcript,2024-11-21 18:44:35,snow,Snowflake
"Snowflake Price Levels to Watch as Stock Pops 20% on Strong Earnings, Outlook",2024-11-21 18:44:35,snow,Snowflake
Snowflake (SNOW) Q3 Earnings: How Key Metrics Compare to Wall Street Estimates,2024-11-20 18:44:35,snow,Snowflake
Snowflake Inc. (SNOW) Expands Microsoft Partnership to Enhance AI Application Development with New Power Platform Connector,2024-11-20 18:44:35,snow,Snowflake
Snowflake Inc. (SNOW) Tops Q3 Earnings and Revenue Estimates,2024-11-20 18:44:35,snow,Snowflake
Snowflake's Sales Soar Despite Wider Loss,2024-11-20 18:44:35,snow,Snowflake
Snowflake shares pop on revenue beat and strong sales outlook,2024-11-20 18:44:35,snow,Snowflake
"Snowflake (NYSE:SNOW) Surprises With Q3 Sales, Stock Jumps 13.3%",2024-11-20 18:44:35,snow,Snowflake
"Snowflake lifts product revenue forecast, enters AI deal with Anthropic",2024-11-20 18:44:35,snow,Snowflake
Snowflake and Anthropic Team Up to Bring Claude Models Directly to the AI Data Cloud,2024-11-20 18:44:35,snow,Snowflake
"Snowflake Agrees to Acquire Open Data Integration Platform, Datavolo",2024-11-20 18:44:35,snow,Snowflake
Snowflake Reports Financial Results for the Third Quarter of Fiscal 2025,2024-11-20 18:44:35,snow,Snowflake
Snowflake Inc. (SNOW) Faces Investor Caution: Analyst Maintains Overweight Rating,2024-11-20 18:44:35,snow,Snowflake
Snowflake Earnings Due. Is Snowflake Stock A Buy Or Sell?,2024-11-20 18:44:35,snow,Snowflake
Snowflake Inc. (SNOW) Enhances Cross-Cloud Collaboration to Accelerate AI App Development and Data Sharing,2024-11-20 18:44:35,snow,Snowflake
Snowflake Inc. (SNOW): Citi Lowers Price Target to $183 but Highlights Strong Q3 Outlook and GenAI Growth Potential,2024-11-20 18:44:35,snow,Snowflake
Snowflake and Microsoft Simplify AI App Development and Data Collaboration with Connector for Microsoft Power Platform and Microsoft Dynamics 365,2024-11-19 18:44:35,snow,Snowflake
Snowflake Inc (SNOW)’s AI Edge: Why Analysts Are Betting on Future Growth,2024-11-19 18:44:35,snow,Snowflake
Snowflake (SNOW) Reports Earnings Tomorrow: What To Expect,2024-11-19 18:44:35,snow,Snowflake
Could Snowflake Inc. (SNOW) Grow 10x Over the Next 3 Years?,2024-11-18 18:44:35,snow,Snowflake
"Snowflake Set to Report Q3 Earnings: Buy, Hold or Sell SNOW Stock?",2024-11-18 18:44:35,snow,Snowflake
Wall Street Bulls Look Optimistic About Snowflake (SNOW): Should You Buy?,2024-11-18 18:44:35,snow,Snowflake
Is Snowflake Inc. (SNOW) the Best Predictive Analytics Stock to Invest in Now?,2024-11-18 18:44:35,snow,Snowflake
"TD Cowen Raises Palo Alto Networks, Inc. (PANW) Price Target to $420, Citing Strong ARR Growth and AI-Driven Innovations",2024-11-21 18:04:12,panw,Palo Alto Networks
Palo Alto Networks Stock Gets RS Rating Upgrade,2024-11-21 18:04:12,panw,Palo Alto Networks
"Palo Alto Networks Tops Estimates, Announces Stock Split",2024-11-21 18:04:12,panw,Palo Alto Networks
"Palo Alto Drops 3% Despite Strong Q1, Analysts See Long-Term Upside",2024-11-21 18:04:12,panw,Palo Alto Networks
"Palo Alto Networks beats Q1 estimates, while guidance disappoints",2024-11-21 18:04:12,panw,Palo Alto Networks
Palo Alto Q1 Earnings Beat: Can Strong Guidance Lift the Stock?,2024-11-21 18:04:12,panw,Palo Alto Networks
Q1 2025 Palo Alto Networks Inc Earnings Call,2024-11-21 18:04:12,panw,Palo Alto Networks
Wells Fargo lifts target price on Palo Alto even as stock dip post results,2024-11-21 18:04:12,panw,Palo Alto Networks
"The Zacks Analyst Blog Highlights Target, TJX, NVIDIA, Palo Alto Networks and Snowflake",2024-11-21 18:04:12,panw,Palo Alto Networks
Palo Alto Stock Is Falling After Earnings Beat. Why This Metric’s Worrying Analysts.,2024-11-21 18:04:12,panw,Palo Alto Networks
Palo Alto Networks Fiscal Q1 Results Fuel Debate Over 'Platformization',2024-11-21 18:04:12,panw,Palo Alto Networks
"Palo Alto Networks beats Q1 estimates, delivers in-line guidance; shares down",2024-11-21 18:04:12,panw,Palo Alto Networks
Palo Alto Networks boasts as customers coalesce on its platforms,2024-11-21 18:04:12,panw,Palo Alto Networks
Palo Alto Networks Inc (PANW) Q1 2025 Earnings Call Highlights: Strong Revenue Growth and ...,2024-11-21 18:04:12,panw,Palo Alto Networks
Palo Alto Networks (PANW) Q1 2025 Earnings Call Transcript,2024-11-21 18:04:12,panw,Palo Alto Networks
Palo Alto Networks Full-Year Guidance Disappoints; Shares Slip,2024-11-20 18:04:12,panw,Palo Alto Networks
"NVIDIA Beats, After-Hours Yawns; PANW and SNOW Report, Too",2024-11-20 18:04:12,panw,Palo Alto Networks
Palo Alto tops revenue and profit estimates on steady cybersecurity demand,2024-11-20 18:04:12,panw,Palo Alto Networks
Palo Alto (PANW) Q1 Earnings: How Key Metrics Compare to Wall Street Estimates,2024-11-20 18:04:12,panw,Palo Alto Networks
Palo Alto Networks' Q1 results were 'solid': Analyst,2024-11-20 18:04:12,panw,Palo Alto Networks
Palo Alto Networks (PANW) Q1 Earnings and Revenues Top Estimates,2024-11-20 18:04:12,panw,Palo Alto Networks
"Wedbush Reiterates Buy Rating on Palo Alto Networks, Inc. (PANW) with $400 Target Ahead of Q1 Earnings and AI-Driven Growth Prospects",2024-11-20 18:04:12,panw,Palo Alto Networks
Palo Alto: Fiscal Q1 Earnings Snapshot,2024-11-20 18:04:12,panw,Palo Alto Networks
Palo Alto Networks (NASDAQ:PANW) Surprises With Q3 Sales,2024-11-20 18:04:12,panw,Palo Alto Networks
Palo Alto Networks Reports Fiscal First Quarter 2025 Financial Results,2024-11-20 18:04:12,panw,Palo Alto Networks
"Jim Cramer on Palo Alto Networks, Inc. (PANW): ‘The Stock Has Sometimes Sold Off Badly When It Reports, Could Be An Opportunity’",2024-11-20 18:04:12,panw,Palo Alto Networks
Palo Alto Networks price target raised to $450 from $400 at Jefferies,2024-11-20 18:04:12,panw,Palo Alto Networks
"Palo Alto Networks, Inc. (PANW): Truist Raises Price Target to $425 on Strong Demand and Generative AI Potential",2024-11-20 18:04:12,panw,Palo Alto Networks
"The Zacks Analyst Blog Highlights Palo Alto, Technology Select Sector SPDR Fund, Juniper Networks and Check Point Software",2024-11-19 18:04:12,panw,Palo Alto Networks
Palo Alto Networks customers grapple with another actively exploited zero-day,2024-11-19 18:04:12,panw,Palo Alto Networks
Palo Alto Networks (PANW): AI-Powered Cybersecurity Driving Strong Growth,2024-11-19 18:04:12,panw,Palo Alto Networks
Earnings To Watch: Palo Alto Networks (PANW) Reports Q3 Results Tomorrow,2024-11-19 18:04:12,panw,Palo Alto Networks
Should Palo Alto Stock be Part of Your Portfolio Ahead of Q1 Earnings?,2024-11-18 18:04:12,panw,Palo Alto Networks
"Nvidia debuts AI model that can create music, mimic speech",Unknown,,
Should You Forget Nvidia and Buy These 2 Millionaire-Maker Stocks Instead?,Unknown,,
Where Will Nvidia Stock Be in 3 Years?,Unknown,,
Why Nvidia Stock (NVDA) Declined Today,Unknown,,
NVIDIA Corporation (NVDA): Volatility Amid Strong AI Demand and Growth Opportunities,Unknown,,
"NVIDIA Earnings, OpenAI, SpaceX & More",Unknown,,
Nvidia Stock Drops. Why Shares Are Still Down Following Last Week’s Earnings Report.,Unknown,,
"Analyst Recommends Selling Nvidia Stock (NVDA) Amid Growth, Super Micro (SMCI) Concerns: ‘You Don’t Stay On Top Forever’",Unknown,,
Cracks Emerge In Nvidia's AI Armor. What's An Investor To Do?,Unknown,,
Magnificent Seven Stocks: Nvidia Stock Sells Off; Tesla Reverses Lower,Unknown,,
Is NVIDIA Corporation (NVDA) the Best Stock to Invest in for the Next 3 Months?,Unknown,,
"Nvidia shares decline 3.5%, hit 3-week low as rotation into cyclicals continue",Unknown,,
The 5 biggest takeaways following Nvidia's earnings,Unknown,,
3 Reasons Growth Investors Will Love Nvidia (NVDA),Unknown,,
Top Midday Stories: Macy's Says Ex-Employee Hid Up to $154 Million in Expenses; Summit to Be Acquired by Quikrete for $11.5 Billion; Nvidia Unveils AI Model,Unknown,,
This Analyst With 85% Accuracy Rate Sees Over 30% Upside In Nvidia - Here Are 5 Stock Picks For Last Week From Wall Street's Most Accurate Analysts,Unknown,,
Nvidia's New Fugatto Tool: The AI Revolution Soundtrack We Didn't See Coming,Unknown,,
"Nvidia Unveils Fugatto: AI Tool That Transforms Sound Creation For Music, Ads, And Gaming",Unknown,,
Nvidia Unveils AI Model for Music and Audio Generation,Unknown,,
Nvidia CEO Highlights Continued Global Cooperation Amid U.S. Policy Shifts,Unknown,,
"Nvidia's Growth May Be Cooling, but Here's Why I'm Still Buying",Unknown,,
NVIDIA Corporation (NVDA) Powers CoreWeave’s $3 Billion IPO Bid,Unknown,,
Nvidia's Strong Earnings to Benefit TSMC as AI Demand Continues to Soar,Unknown,,
Investors Ponder Nvidia Game Plan After 3.2% Fall; Is Nvidia A Buy Or Sell Now?,Unknown,,
Better Artificial Intelligence Stock: Broadcom vs. Nvidia,Unknown,,
Here's Why Nvidia (NVDA) is a Strong Growth Stock,Unknown,,
Billionaire Ray Dalio Sold Nvidia Stock. Should You Follow?,Unknown,,
Understanding Nvidia (NVDA) Reliance on International Revenue,Unknown,,
"Nvidia shows AI model that can modify voices, generate novel sounds",Unknown,,
Investors Heavily Search NVIDIA Corporation (NVDA): Here is What You Need to Know,Unknown,,
"Dow Jones Futures Rise: Stay Cool In Hot Market; Forget Nvidia, Meet The New AI Chip Leader",Unknown,,
"BofA maintains a ""Buy"" on Nvidia, setting a $190 target Amid Growing AI Dominance",Unknown,,
NVIDIA Hits Highs as Analysts Forecast Continued Growth: Citigroup Lifts Target to $175,Unknown,,
NVIDIA Corporation (NVDA) Surpasses Q3 Expectations with $175 Price Target Upgrade from Wedbush,Unknown,,
Symbotic Inc. (SYM): The AI Stock Investors Are Watching Closely,2024-11-20 18:45:33,sym,Symantec
Wall Street Analysts Think SYMBOTIC INC (SYM) Is a Good Investment: Is It?,2024-11-20 18:45:33,sym,Symantec
Symbotic price target raised to $48 from $40 at KeyBanc,2024-11-20 18:45:33,sym,Symantec
Why Symbotic earnings are sending the stock soaring over 25%,2024-11-19 18:45:33,sym,Symantec
"Symbotic Inc. (SYM): AI-Powered Warehouse Automation Drives Q4 Revenue Surge, Beats Estimates",2024-11-19 18:45:33,sym,Symantec
Symbotic Stock Rises 27%. Here’s Why the AI-Robot Company Is Surging.,2024-11-19 18:45:33,sym,Symantec
Q4 2024 Symbotic Inc Earnings Call,2024-11-19 18:45:33,sym,Symantec
Symbotic's Shares Soar 28.5% on Explosive AI Growth and Game-Changing Q4 Results,2024-11-19 18:45:33,sym,Symantec
Symbotic Inc (SYM) Q4 2024 Earnings Call Highlights: Record Revenue and Strategic Expansion,2024-11-19 18:45:33,sym,Symantec
Symbotic Inc. (SYM) Tops Q4 Earnings and Revenue Estimates,2024-11-18 18:45:33,sym,Symantec
Symbotic Reports Fourth Quarter and Fiscal Year 2024 Results,2024-11-18 18:45:33,sym,Symantec
Q3 Earnings Buzz: Target Stock Falls Nvidia Shares Flat,2024-11-21 18:46:24,tgt,Target
Target's earnings miss isn't about the U.S. port strike. Here's what happened,2024-11-21 18:46:24,tgt,Target
Why America's Favorite Department Store Could Be Your Favorite Dividend King Stock (TGT),2024-11-21 18:46:24,tgt,Target
"Walmart wins, Target misses in mixed retail earnings report",2024-11-21 18:46:24,tgt,Target
Zacks Earnings Trends Highlights: Target and Walmart,2024-11-21 18:46:24,tgt,Target
"Trending tickers: Nvidia, Adani, Target, Baidu and JD Sports",2024-11-21 18:46:24,tgt,Target
Target Corp (TGT) Q3 2024 Earnings Call Highlights: Navigating Growth Amidst Consumer Caution,2024-11-21 18:46:24,tgt,Target
Q3 2024 Target Corp Earnings Call,2024-11-21 18:46:24,tgt,Target
Target’s in Trouble. How it Could Turn Business Around.,2024-11-21 18:46:24,tgt,Target
Target’s Wipeout Shows Why Walmart Stock Isn’t Too Expensive,2024-11-21 18:46:24,tgt,Target
Walmart shoppers are showing Target how it's done,2024-11-21 18:46:24,tgt,Target
Target flags startling customer behavior ahead of holidays,2024-11-21 18:46:24,tgt,Target
Walmart & Target: A Closer Look at Retail Earnings,2024-11-20 18:46:24,tgt,Target
Target Shares Tumble on Earnings Miss,2024-11-20 18:46:24,tgt,Target
"'It's a Target problem,' look at Walmart's results: Analyst",2024-11-20 18:46:24,tgt,Target
Target Sinks To New Low On Holiday Gloom After Huge Earnings Miss,2024-11-20 18:46:24,tgt,Target
"Target’s Slow Rebound Frustrates Investors, Sends Shares Falling",2024-11-20 18:46:24,tgt,Target
Why Target (TGT) Shares Are Getting Obliterated Today,2024-11-20 18:46:24,tgt,Target
Why Target (TGT) Stock Is Trading Lower Today,2024-11-20 18:46:24,tgt,Target
Target downgrades fourth-quarter sales expectation following sluggish Q3,2024-11-20 18:46:24,tgt,Target
A Tale of Two Supply Chains: What Separated Walmart and Target in Q3,2024-11-20 18:46:24,tgt,Target
Why Target Stock Is Getting Crushed Today,2024-11-20 18:46:24,tgt,Target
Target Margins And Inventory Issues Raise Analyst Caution After Weak Q3 Performance,2024-11-20 18:46:24,tgt,Target
"Target Shoppers Are Waiting to Buy, Questing for Deals, and Stocking Up",2024-11-20 18:46:24,tgt,Target
Why Walmart's Stock Hit an All-Time High but Target's Slumped on Q3 Earnings,2024-11-20 18:46:24,tgt,Target
Target (TGT) Q3 2024 Earnings Call Transcript,2024-11-20 18:46:24,tgt,Target
Target just had its biggest earnings miss in years — and the stock plummets 21% to a 1-year-low,2024-11-20 18:46:24,tgt,Target
Target Stock Is Having Its Worst Day in Years. Why Its Earnings Shocked Wall Street.,2024-11-20 18:46:24,tgt,Target
"Target Misses Q3 Estimates, Faces Challenges with Lower Q4 Projections",2024-11-20 18:46:24,tgt,Target
"Target stock hit with downgrades, analysts point to market share erosion",2024-11-20 18:46:24,tgt,Target
Target Shares Plummet 20% After Q3 Earnings Miss Expectations,2024-11-20 18:46:24,tgt,Target
What does Target's earnings miss signal for other retailers?,2024-11-20 18:46:24,tgt,Target
"Stocks to Watch Wednesday: Nvidia, Target, NIO",2024-11-20 18:46:24,tgt,Target
Walmart and Target: A Tale of Two Retailers,2024-11-20 18:46:24,tgt,Target
"Target Misses Q3 Earnings & Sales Estimates, Issues Cautious Q4 View",2024-11-20 18:46:24,tgt,Target
"Pre-markets Heading Lower; TGT, TJX Report Q3; NVDA After the Close",2024-11-20 18:46:24,tgt,Target
Why Target (TGT) is a Top Momentum Stock for the Long-Term,2024-11-20 18:46:24,tgt,Target
A Tale of Two Retail Giants: Target vs. Walmart,2024-11-20 18:46:24,tgt,Target
Target sounds the alarm bell on holiday shopping,2024-11-20 18:46:24,tgt,Target
"Target stock sinking on Q3 earnings, sales miss: What to know",2024-11-20 18:46:24,tgt,Target
Target Stock Heads Toward Worst Day in Two Years,2024-11-20 18:46:24,tgt,Target
"Nvidia earnings, Target stock hit, Comcast spinoff: 3 Things",2024-11-20 18:46:24,tgt,Target
Target stock is falling: Price slashing may not be enough to improve 2024 holiday sales,2024-11-20 18:46:24,tgt,Target
Target stock crashing on earnings: 3 problems the retailer faces,2024-11-20 18:46:24,tgt,Target
"Target Q3 Earnings: Supply Chain Chaos Hits Bottomline, Slashes Annual Profit Outlook, Stock Tanks",2024-11-20 18:46:24,tgt,Target
"Target misses Q3 earnings expectations, lowers guidance",2024-11-20 18:46:24,tgt,Target
Jim Cramer on Target Corporation (TGT): ‘People Are So Worried About Tariffs That You Might Want To Wait And See With This One’,2024-11-20 18:46:24,tgt,Target
Target Stock Slumps To Lowest Point in Year on Weaker-Than-Expected Results,2024-11-20 18:46:24,tgt,Target
Target Stock Loses $15.8B in Market Cap as Weak Discretionary Sales Hit Q3 Profits,2024-11-20 18:46:24,tgt,Target
"Target (NYSE:TGT) Misses Q3 Revenue Estimates, Stock Drops 21.2%",2024-11-20 18:46:24,tgt,Target
Target: Fiscal Q3 Earnings Snapshot,2024-11-20 18:46:24,tgt,Target
Target shares slide 21% as retailer expects stagnant holiday quarter sales,2024-11-20 18:46:24,tgt,Target
Target CEO 'guiding for some conservatism' as the retailer misses earnings estimates ahead of the holidays,2024-11-20 18:46:24,tgt,Target
Target Corporation Reports Third Quarter Earnings,2024-11-20 18:46:24,tgt,Target
Target earnings are today. Here's what to watch,2024-11-20 18:46:24,tgt,Target
"Buy, Hold or Sell Target Stock: Key Tips Ahead of Q3 Earnings",2024-11-19 18:46:24,tgt,Target
How To Earn $500 A Month From Target Stock Ahead Of Q3 Earnings,2024-11-19 18:46:24,tgt,Target
What Analysts Think of Target Stock Ahead of Earnings,2024-11-19 18:46:24,tgt,Target
"Target Corporation to Webcast 3rd Quarter Earnings Conference Call on Wednesday, November 20, 2024",2024-11-19 18:46:24,tgt,Target
"The Zacks Analyst Blog Highlights Amazon.com, Abercrombie & Fitch, Target and Carvana",2024-11-19 18:46:24,tgt,Target
Target’s supply chain investments power holiday season ambitions,2024-11-19 18:46:24,tgt,Target
Target (TGT) Q3 Earnings: What To Expect,2024-11-19 18:46:24,tgt,Target
Time to Buy Walmart or Target Stock as Q3 Earnings Approach?,2024-11-18 18:46:24,tgt,Target
Here's Why Target (TGT) is a Strong Growth Stock,2024-11-18 18:46:24,tgt,Target
"Earnings in Focus: How Lowe’s, Target, and Nvidia Navigated Q3 Challenges",2024-11-18 18:46:24,tgt,Target
"Walmart, Target, Amazon and Lowe's are part of Zacks Earnings Preview",2024-11-18 18:46:24,tgt,Target
"1 Stock to Buy, 1 Stock to Sell This Week: Nvidia, Target",2024-11-17 18:46:24,tgt,Target
Is Target Corporation (TGT) the Best Department Store Stock to Buy According to Hedge Funds?,2024-11-17 18:46:24,tgt,Target
"Walmart wins, Target misses in mixed retail earnings report",2024-11-21 18:47:36,wmt,Walmart
Walmart makes convenience a priority as it grows e-commerce market share,2024-11-21 18:47:36,wmt,Walmart
"Walmart, Target, and Aldi's Thanksgiving deals",2024-11-21 18:47:36,wmt,Walmart
"Walmart Appears Poised to Weather Trump Tariffs Better Than Competitors, Analysts Say",2024-11-21 18:47:36,wmt,Walmart
Zacks Earnings Trends Highlights: Target and Walmart,2024-11-21 18:47:36,wmt,Walmart
Walmart price target raised to $100 from $90 at Baird,2024-11-21 18:47:36,wmt,Walmart
Target’s Wipeout Shows Why Walmart Stock Isn’t Too Expensive,2024-11-21 18:47:36,wmt,Walmart
Walmart shoppers are showing Target how it's done,2024-11-21 18:47:36,wmt,Walmart
Walmart & Target: A Closer Look at Retail Earnings,2024-11-20 18:47:36,wmt,Walmart
"'It's a Target problem,' look at Walmart's results: Analyst",2024-11-20 18:47:36,wmt,Walmart
"Amazon, Walmart and Costco Are Running Away With 46 Percent of Retail Growth",2024-11-20 18:47:36,wmt,Walmart
A Tale of Two Supply Chains: What Separated Walmart and Target in Q3,2024-11-20 18:47:36,wmt,Walmart
Why Walmart's Stock Hit an All-Time High but Target's Slumped on Q3 Earnings,2024-11-20 18:47:36,wmt,Walmart
"Amazon, Walmart, and Target's top 10 Black Friday deals",2024-11-20 18:47:36,wmt,Walmart
Walmart Stock Price Levels to Watch After Post-Earnings Surge to Record High,2024-11-20 18:47:36,wmt,Walmart
"Walmart Beats on Q3 Earnings, Hikes Views: ETFs to Gain",2024-11-20 18:47:36,wmt,Walmart
Walmart and Target: A Tale of Two Retailers,2024-11-20 18:47:36,wmt,Walmart
Walmart slashes US delivery costs by 40% per order,2024-11-20 18:47:36,wmt,Walmart
A Tale of Two Retail Giants: Target vs. Walmart,2024-11-20 18:47:36,wmt,Walmart
"Uncertainty clouds holiday shopping season after mixed forecasts from Walmart, Target",2024-11-20 18:47:36,wmt,Walmart
"Walmart CFO keeps eye on prices, tariffs",2024-11-20 18:47:36,wmt,Walmart
Jim Cramer on Walmart Inc. (WMT): ‘You Only Have My Blessing To Put A Small Position On It’,2024-11-20 18:47:36,wmt,Walmart
"Walmart’s automation boom means lower delivery costs and better careers, says CFO",2024-11-20 18:47:36,wmt,Walmart
"Trending tickers: Nvidia, Nokia, Walmart, Volkswagen and British Land",2024-11-20 18:47:36,wmt,Walmart
Will KEYS Stock Aid From the Launch of Trade Monitoring Solution?,2024-11-21 18:23:03,keys,Keysight Technologies
Keysight to Participate in Upcoming Investor Conferences,2024-11-21 18:23:03,keys,Keysight Technologies
Keysight Technologies price target raised to $200 from $180 at Barclays,2024-11-21 18:23:03,keys,Keysight Technologies
Keysight Technologies price target raised to $180 from $175 at Deutsche Bank,2024-11-21 18:23:03,keys,Keysight Technologies
"These Stocks Moved the Most Today: Nvidia, Target, Super Micro, Williams-Sonoma, Keysight, Fabrinet, Ford, and More",2024-11-20 18:23:03,keys,Keysight Technologies
Why Is Keysight (KEYS) Stock Rocketing Higher Today,2024-11-20 18:23:03,keys,Keysight Technologies
Keysight Technologies Soars to 52-Week High on Strong Earnings and 2025 Guidance,2024-11-20 18:23:03,keys,Keysight Technologies
Keysight and Instrumentix Partner to Launch Complete Trade Monitoring Solution for Financial Markets,2024-11-20 18:23:03,keys,Keysight Technologies
"KEYS Q4 Earnings Top Estimate, Top Line Down on Weakness in Automotive",2024-11-20 18:23:03,keys,Keysight Technologies
Q4 2024 Keysight Technologies Inc Earnings Call,2024-11-20 18:23:03,keys,Keysight Technologies
Keysight Stock Rises Sharply. Here’s Why.,2024-11-20 18:23:03,keys,Keysight Technologies
Keysight Issues Upbeat Outlook as Fiscal Fourth-Quarter Results Top Estimates,2024-11-20 18:23:03,keys,Keysight Technologies
Keysight Technologies Inc (KEYS) Q4 2024 Earnings Call Highlights: Navigating Challenges with ...,2024-11-20 18:23:03,keys,Keysight Technologies
"Keysight Technologies, Inc. (KEYS): Unveils AI-Enhanced EDA Software Portfolio to Revolutionize Next-Gen Technology Design",2024-11-20 18:23:03,keys,Keysight Technologies
Keysight (KEYS) Reports Q4 Earnings: What Key Metrics Have to Say,2024-11-19 18:23:03,keys,Keysight Technologies
Keysight (KEYS) Q4 Earnings and Revenues Beat Estimates,2024-11-19 18:23:03,keys,Keysight Technologies
Keysight: Fiscal Q4 Earnings Snapshot,2024-11-19 18:23:03,keys,Keysight Technologies
"Keysight (NYSE:KEYS) Posts Better-Than-Expected Sales In Q3, Stock Jumps 10.2%",2024-11-19 18:23:03,keys,Keysight Technologies
Keysight Technologies Reports Fourth Quarter and Fiscal Year 2024 Results,2024-11-19 18:23:03,keys,Keysight Technologies
Spectra7 and Keysight to Demonstrate Robust Performance Testing of 800Gbps Active Copper Interconnects at SC24,2024-11-19 18:23:03,keys,Keysight Technologies
Keysight Introduces Electronic Design Automation Software Suite Amplifying Designer Productivity with AI,2024-11-18 18:23:03,keys,Keysight Technologies
KEYS' Solutions to Support Microelectronics Commons Initiative,2024-11-18 18:23:03,keys,Keysight Technologies
What To Expect From Keysight’s (KEYS) Q3 Earnings,2024-11-18 18:23:03,keys,Keysight Technologies
The total return for Keysight Technologies (NYSE:KEYS) investors has risen faster than earnings growth over the last five years,2024-11-17 18:23:03,keys,Keysight Technologies
Intuit (INTU) Reports Q1 Earnings: What Key Metrics Have to Say,2024-11-21 18:21:57,intu,Intuit
"Intuit Stock Falls on Weaker Guidance, but CEO Downplays Fears of Free U.S. Tax App",2024-11-21 18:21:57,intu,Intuit
"Intuit Beats Fiscal Q1 Targets Buts Guides Low For Current Quarter, Full Year",2024-11-21 18:21:57,intu,Intuit
Intuit (INTU) Beats Q1 Earnings and Revenue Estimates,2024-11-21 18:21:57,intu,Intuit
Intuit Maintains Full Year Guidance; CEO Says Trump Administration Won’t Build Tax-Filing App,2024-11-21 18:21:57,intu,Intuit
Intuit's Stock Drops as Its Outlook Disappoints,2024-11-21 18:21:57,intu,Intuit
"Intuit Beats First-Quarter Sales Views on QuickBooks, Credit Karma Gains",2024-11-21 18:21:57,intu,Intuit
Intuit’s (NASDAQ:INTU) Q3: Beats On Revenue But Stock Drops,2024-11-21 18:21:57,intu,Intuit
Intuit: Fiscal Q1 Earnings Snapshot,2024-11-21 18:21:57,intu,Intuit
Intuit Falls After Giving Tepid Outlook Despite New AI Tools,2024-11-21 18:21:57,intu,Intuit
Intuit's quarterly forecasts disappoint as delayed promotions weigh on growth,2024-11-21 18:21:57,intu,Intuit
Intuit Reports Strong First Quarter Results and Reiterates Full Year Guidance,2024-11-21 18:21:57,intu,Intuit
How To Earn $500 A Month From Intuit Stock Ahead Of Q1 Earnings,2024-11-21 18:21:57,intu,Intuit
Should You Be Adding Intuit (NASDAQ:INTU) To Your Watchlist Today?,2024-11-21 18:21:57,intu,Intuit
INTU Earnings: Buy this Big Tech Stock Before It Breaks Out to New Highs?,2024-11-20 18:21:57,intu,Intuit
"Intuit Launches AI-Powered Intuit Assist for QuickBooks, Giving Millions of Businesses a Competitive Edge",2024-11-20 18:21:57,intu,Intuit
Jim Cramer on Intuit Inc. (INTU): ‘How Can I Pull The Trigger On A Stock That’s So Close To Its High Yet So Far From Where It Was Just A Month Ago?’,2024-11-20 18:21:57,intu,Intuit
Intuit (INTU) To Report Earnings Tomorrow: Here Is What To Expect,2024-11-20 18:21:57,intu,Intuit
Intuit Stock Tumbles As Elon Musk's DOGE Commission Eyes Simple Tax-Filing App,2024-11-19 18:21:57,intu,Intuit
"Trump's DOGE considers tax app. Intuit, H&R Block shares sink.",2024-11-19 18:21:57,intu,Intuit
Intuit and H&R Block stocks tank because Elon Musk's DOGE wants to simplify tax filing,2024-11-19 18:21:57,intu,Intuit
Intuit and H&R block fall on report of ‘DOGE’ interest in tax app,2024-11-19 18:21:57,intu,Intuit
Musk's Bold Tax Revolution: Challenges For Intuit's TurboTax Empire,2024-11-19 18:21:57,intu,Intuit
Insights Into Intuit (INTU) Q1: Wall Street Projections for Key Metrics,2024-11-18 18:21:57,intu,Intuit
Q4 2024 Powell Industries Inc Earnings Call,2024-11-21 18:33:26,powl,Powell Industries
Powell Industries Inc (POWL) Q4 2024 Earnings Call Highlights: Record Revenue and Strategic ...,2024-11-21 18:33:26,powl,Powell Industries
Why Powell (POWL) Shares Are Trading Lower Today,2024-11-20 18:33:26,powl,Powell Industries
Why Powell (POWL) Stock Is Falling Today,2024-11-20 18:33:26,powl,Powell Industries
Powell Industries Faces Seasonally Slow Q1 Start After Mixed Q4; Stock Tanks,2024-11-20 18:33:26,powl,Powell Industries
"Powell Industries' Q4 Earnings Surpass Estimates, Increase Y/Y",2024-11-20 18:33:26,powl,Powell Industries
"Zacks Industry Outlook Highlights Zurn Elkay, Eaton, Emerson Electric and Powell Industries",2024-11-20 18:33:26,powl,Powell Industries
Powell Industries (POWL) Beats Q4 Earnings Estimates,2024-11-19 18:33:26,powl,Powell Industries
Powell Industries: Fiscal Q4 Earnings Snapshot,2024-11-19 18:33:26,powl,Powell Industries
"Powell (NASDAQ:POWL) Misses Q3 Revenue Estimates, Stock Drops",2024-11-19 18:33:26,powl,Powell Industries
Powell Industries Announces Fourth Quarter and Full Year Fiscal 2024 Results,2024-11-19 18:33:26,powl,Powell Industries
Earnings To Watch: Powell (POWL) Reports Q3 Results Tomorrow,2024-11-18 18:33:26,powl,Powell Industries
"Macquarie downgrades NIO on weak guide, demand concerns",2024-11-21 18:24:10,nio,NIO
"NIO Launches Third EV Brand, Firefly, Targeting Compact Market",2024-11-21 18:24:10,nio,NIO
"Should You Buy, Sell or Hold NIO Stock Post Mixed Q3 Results?",2024-11-21 18:24:10,nio,NIO
"NIO Q3 Loss Wider Than Expected, Revenues Miss, Q4 View Solid",2024-11-21 18:24:10,nio,NIO
Nio sees Q4 revenue RMB 19.68B-RMB 20.38B,2024-11-21 18:24:10,nio,NIO
Nio reports Q3 EPS (RMB 2.50) vs. (RMB 2.67) last year,2024-11-21 18:24:10,nio,NIO
NIO Inc (NIO) Q3 2024 Earnings Call Highlights: Record Deliveries Amidst Revenue Challenges,2024-11-21 18:24:10,nio,NIO
Q3 2024 NIO Inc Earnings Call,2024-11-21 18:24:10,nio,NIO
Nio (NIO) Q3 2024 Earnings Call Transcript,2024-11-20 18:24:10,nio,NIO
"Stocks to Watch Wednesday: Nvidia, Target, NIO",2024-11-20 18:24:10,nio,NIO
"Trending tickers: Nvidia, Nokia, Walmart, Volkswagen and British Land",2024-11-20 18:24:10,nio,NIO
NIO’s Net Loss Widens on Lower Revenue Amid EV Pricing Pressure,2024-11-20 18:24:10,nio,NIO
NIO Inc. Reports Unaudited Third Quarter 2024 Financial Results,2024-11-20 18:24:10,nio,NIO
"Nvidia Q3 earnings, Fed commentary: What to Watch",2024-11-19 18:24:10,nio,NIO
Nio Faces Key Q3 Test as EV Deliveries Rise and Hybrid Plans Take Shape,2024-11-19 18:24:10,nio,NIO
What's Going On With NIO Stock Following Strong Q3 Results From Top Peer XPeng?,2024-11-19 18:24:10,nio,NIO
Billionaire Israel Englander Dumped 90% of Millennium's Stake in Palantir in Favor of This Hypergrowth Electric-Vehicle (EV) Stock,2024-11-19 18:24:10,nio,NIO
Things to Note Ahead of NIO's Q3 Earnings: Is the Stock a Buy Now?,2024-11-18 18:24:10,nio,NIO
Should You Buy Nio Stock While It's Below Its IPO Price?,2024-11-17 18:24:10,nio,NIO
